time,temp
10.12.2020 19:04:20,9.91
10.12.2020 19:04:21,9.91
10.12.2020 19:04:22,9.65
10.12.2020 19:04:23,9.68
10.12.2020 19:04:24,9.91
10.12.2020 19:04:25,9.91
10.12.2020 19:04:26,9.91
10.12.2020 19:04:27,9.91
10.12.2020 19:04:28,9.91
10.12.2020 19:04:29,9.91
10.12.2020 19:04:30,9.91
10.12.2020 19:04:31,9.91
10.12.2020 19:04:32,9.91
10.12.2020 19:04:33,9.91
10.12.2020 19:04:34,9.91
10.12.2020 19:04:35,9.91
10.12.2020 19:04:36,9.91
10.12.2020 19:04:37,9.91
10.12.2020 19:04:38,9.91
10.12.2020 19:04:39,9.91
10.12.2020 19:04:40,9.91
10.12.2020 19:04:41,9.91
10.12.2020 19:04:42,9.91
10.12.2020 19:04:43,9.91
10.12.2020 19:04:44,9.91
10.12.2020 19:04:45,9.91
10.12.2020 19:04:46,9.91
10.12.2020 19:04:47,9.91
10.12.2020 19:04:48,9.91
10.12.2020 19:04:49,9.91
10.12.2020 19:04:50,9.91
10.12.2020 19:04:51,9.91
10.12.2020 19:04:52,9.91
10.12.2020 19:04:53,9.91
10.12.2020 19:04:54,9.91
10.12.2020 19:04:55,9.91
10.12.2020 19:04:56,9.91
10.12.2020 19:04:57,9.91
10.12.2020 19:04:58,9.91
10.12.2020 19:04:59,9.91
10.12.2020 19:05:00,9.91
10.12.2020 19:05:01,9.91
10.12.2020 19:05:02,9.91
10.12.2020 19:05:03,9.91
10.12.2020 19:05:04,9.91
10.12.2020 19:05:05,9.91
10.12.2020 19:05:06,9.91
10.12.2020 19:05:07,9.91
10.12.2020 19:05:08,9.91
10.12.2020 19:05:09,9.91
10.12.2020 19:05:10,9.91
10.12.2020 19:05:11,9.91
10.12.2020 19:05:12,9.91
10.12.2020 19:05:13,9.91
10.12.2020 19:05:14,9.91
10.12.2020 19:05:15,9.91
10.12.2020 19:05:16,9.91
10.12.2020 19:05:17,9.91
10.12.2020 19:05:18,9.91
10.12.2020 19:05:19,9.91
10.12.2020 19:05:20,9.91
10.12.2020 19:05:21,9.91
10.12.2020 19:05:22,9.91
10.12.2020 19:05:23,9.91
10.12.2020 19:05:24,9.91
10.12.2020 19:05:25,9.91
10.12.2020 19:05:26,9.91
10.12.2020 19:05:27,9.91
10.12.2020 19:05:28,9.91
10.12.2020 19:05:29,9.91
10.12.2020 19:05:30,9.91
10.12.2020 19:05:31,9.91
10.12.2020 19:05:32,9.91
10.12.2020 19:05:33,9.91
10.12.2020 19:05:34,9.91
10.12.2020 19:05:35,9.91
10.12.2020 19:05:36,9.91
10.12.2020 19:05:37,9.91
10.12.2020 19:05:38,9.91
10.12.2020 19:05:39,9.91
10.12.2020 19:05:40,9.91
10.12.2020 19:05:41,9.91
10.12.2020 19:05:42,9.91
10.12.2020 19:05:43,9.91
10.12.2020 19:05:44,9.91
10.12.2020 19:05:45,9.91
10.12.2020 19:05:46,9.91
10.12.2020 19:05:47,9.91
10.12.2020 19:05:48,9.91
10.12.2020 19:05:49,9.91
10.12.2020 19:05:50,9.91
10.12.2020 19:05:51,9.91
10.12.2020 19:05:52,9.91
10.12.2020 19:05:53,9.91
10.12.2020 19:05:54,9.91
10.12.2020 19:05:55,9.91
10.12.2020 19:05:56,9.91
10.12.2020 19:05:57,9.91
10.12.2020 19:05:58,9.91
10.12.2020 19:05:59,9.91
10.12.2020 19:06:00,9.91
10.12.2020 19:06:01,9.91
10.12.2020 19:06:02,9.91
10.12.2020 19:06:03,9.91
10.12.2020 19:06:04,9.91
10.12.2020 19:06:05,9.91
10.12.2020 19:06:06,9.91
10.12.2020 19:06:07,9.91
10.12.2020 19:06:08,9.91
10.12.2020 19:06:09,9.91
10.12.2020 19:06:10,9.91
10.12.2020 19:06:11,9.91
10.12.2020 19:06:12,9.91
10.12.2020 19:06:13,9.91
10.12.2020 19:06:14,9.91
10.12.2020 19:06:15,9.91
10.12.2020 19:06:16,9.91
10.12.2020 19:06:17,9.91
10.12.2020 19:06:18,9.91
10.12.2020 19:06:19,9.91
10.12.2020 19:06:20,9.91
10.12.2020 19:06:21,9.91
10.12.2020 19:06:22,9.91
10.12.2020 19:06:23,9.91
10.12.2020 19:06:24,9.91
10.12.2020 19:06:25,9.91
10.12.2020 19:06:26,9.91
10.12.2020 19:06:27,9.91
10.12.2020 19:06:28,9.91
10.12.2020 19:06:29,9.91
10.12.2020 19:06:30,9.91
10.12.2020 19:06:31,9.91
10.12.2020 19:06:32,9.91
10.12.2020 19:06:33,9.91
10.12.2020 19:06:34,9.91
10.12.2020 19:06:35,9.91
10.12.2020 19:06:36,9.91
10.12.2020 19:06:37,9.91
10.12.2020 19:06:38,9.91
10.12.2020 19:06:39,9.91
10.12.2020 19:06:40,9.91
10.12.2020 19:06:41,9.91
10.12.2020 19:06:42,9.91
10.12.2020 19:06:43,9.91
10.12.2020 19:06:44,9.91
10.12.2020 19:06:45,9.91
10.12.2020 19:06:46,9.91
10.12.2020 19:06:47,9.91
10.12.2020 19:06:48,9.91
10.12.2020 19:06:49,9.91
10.12.2020 19:06:50,9.91
10.12.2020 19:06:51,9.91
10.12.2020 19:06:52,9.91
10.12.2020 19:06:53,9.91
10.12.2020 19:06:54,9.91
10.12.2020 19:06:55,9.91
10.12.2020 19:06:56,9.91
10.12.2020 19:06:57,9.91
10.12.2020 19:06:58,9.91
10.12.2020 19:06:59,9.91
10.12.2020 19:07:00,9.91
10.12.2020 19:07:01,9.91
10.12.2020 19:07:02,9.91
10.12.2020 19:07:03,9.91
10.12.2020 19:07:04,9.91
10.12.2020 19:07:05,9.91
10.12.2020 19:07:06,9.91
10.12.2020 19:07:07,9.91
10.12.2020 19:07:08,9.91
10.12.2020 19:07:09,9.91
10.12.2020 19:07:10,9.91
10.12.2020 19:07:11,9.91
10.12.2020 19:07:12,9.91
10.12.2020 19:07:13,9.91
10.12.2020 19:07:14,9.91
10.12.2020 19:07:15,9.91
10.12.2020 19:07:16,9.91
10.12.2020 19:07:17,9.91
10.12.2020 19:07:18,9.91
10.12.2020 19:07:19,9.91
10.12.2020 19:07:20,9.91
10.12.2020 19:07:21,9.91
10.12.2020 19:07:22,9.91
10.12.2020 19:07:23,9.91
10.12.2020 19:07:24,9.91
10.12.2020 19:07:25,9.91
10.12.2020 19:07:26,9.91
10.12.2020 19:07:27,9.91
10.12.2020 19:07:28,9.91
10.12.2020 19:07:29,9.91
10.12.2020 19:07:30,9.91
10.12.2020 19:07:31,9.91
10.12.2020 19:07:32,9.91
10.12.2020 19:07:33,9.91
10.12.2020 19:07:34,9.91
10.12.2020 19:07:35,9.91
10.12.2020 19:07:36,9.91
10.12.2020 19:07:37,9.91
10.12.2020 19:07:38,9.91
10.12.2020 19:07:39,9.91
10.12.2020 19:07:40,9.91
10.12.2020 19:07:41,9.91
10.12.2020 19:07:42,9.91
10.12.2020 19:07:43,9.91
10.12.2020 19:07:44,9.91
10.12.2020 19:07:45,9.91
10.12.2020 19:07:46,9.91
10.12.2020 19:07:47,9.91
10.12.2020 19:07:48,9.91
10.12.2020 19:07:49,9.91
10.12.2020 19:07:50,9.91
10.12.2020 19:07:51,9.91
10.12.2020 19:07:52,9.91
10.12.2020 19:07:53,9.91
10.12.2020 19:07:54,9.91
10.12.2020 19:07:55,9.91
10.12.2020 19:07:56,9.91
10.12.2020 19:07:57,9.91
10.12.2020 19:07:58,9.91
10.12.2020 19:07:59,9.91
10.12.2020 19:08:00,9.91
10.12.2020 19:08:01,9.91
10.12.2020 19:08:02,9.91
10.12.2020 19:08:03,9.91
10.12.2020 19:08:04,9.91
10.12.2020 19:08:05,9.91
10.12.2020 19:08:06,9.91
10.12.2020 19:08:07,9.91
10.12.2020 19:08:08,9.91
10.12.2020 19:08:09,9.91
10.12.2020 19:08:10,9.91
10.12.2020 19:08:11,9.91
10.12.2020 19:08:12,9.91
10.12.2020 19:08:13,9.91
10.12.2020 19:08:14,9.91
10.12.2020 19:08:15,9.91
10.12.2020 19:08:16,9.91
10.12.2020 19:08:17,9.91
10.12.2020 19:08:18,9.91
10.12.2020 19:08:19,9.91
10.12.2020 19:08:20,9.91
10.12.2020 19:08:21,9.91
10.12.2020 19:08:22,9.91
10.12.2020 19:08:23,9.91
10.12.2020 19:08:24,9.91
10.12.2020 19:08:25,9.91
10.12.2020 19:08:26,9.91
10.12.2020 19:08:27,9.91
10.12.2020 19:08:28,9.91
10.12.2020 19:08:29,9.91
10.12.2020 19:08:30,9.91
10.12.2020 19:08:31,9.91
10.12.2020 19:08:32,9.91
10.12.2020 19:08:33,9.91
10.12.2020 19:08:34,9.91
10.12.2020 19:08:35,9.91
10.12.2020 19:08:36,9.91
10.12.2020 19:08:37,9.91
10.12.2020 19:08:38,9.91
10.12.2020 19:08:39,9.91
10.12.2020 19:08:40,9.91
10.12.2020 19:08:41,9.91
10.12.2020 19:08:42,9.91
10.12.2020 19:08:43,9.91
10.12.2020 19:08:44,9.91
10.12.2020 19:08:45,9.91
10.12.2020 19:08:46,9.91
10.12.2020 19:08:47,9.91
10.12.2020 19:08:48,9.91
10.12.2020 19:08:49,9.91
10.12.2020 19:08:50,9.91
10.12.2020 19:08:51,9.91
10.12.2020 19:08:52,9.91
10.12.2020 19:08:53,9.91
10.12.2020 19:08:54,9.91
10.12.2020 19:08:55,9.91
10.12.2020 19:08:56,9.91
10.12.2020 19:08:57,9.91
10.12.2020 19:08:58,9.91
10.12.2020 19:08:59,9.91
10.12.2020 19:09:00,9.91
10.12.2020 19:09:01,9.91
10.12.2020 19:09:02,9.91
10.12.2020 19:09:03,9.91
10.12.2020 19:09:04,9.91
10.12.2020 19:09:05,9.91
10.12.2020 19:09:06,9.91
10.12.2020 19:09:07,9.91
10.12.2020 19:09:08,9.91
10.12.2020 19:09:09,9.91
10.12.2020 19:09:10,9.91
10.12.2020 19:09:11,9.91
10.12.2020 19:09:12,9.91
10.12.2020 19:09:13,9.91
10.12.2020 19:09:14,9.91
10.12.2020 19:09:15,9.91
10.12.2020 19:09:16,9.91
10.12.2020 19:09:17,9.91
10.12.2020 19:09:18,9.91
10.12.2020 19:09:19,9.91
10.12.2020 19:09:20,9.91
10.12.2020 19:09:21,9.91
10.12.2020 19:09:22,9.91
10.12.2020 19:09:23,9.91
10.12.2020 19:09:24,9.91
10.12.2020 19:09:25,9.91
10.12.2020 19:09:26,9.91
10.12.2020 19:09:27,9.91
10.12.2020 19:09:28,9.91
10.12.2020 19:09:29,9.91
10.12.2020 19:09:30,9.91
10.12.2020 19:09:31,9.91
10.12.2020 19:09:32,9.91
10.12.2020 19:09:33,9.91
10.12.2020 19:09:34,9.91
10.12.2020 19:09:35,9.91
10.12.2020 19:09:36,9.91
10.12.2020 19:09:37,9.91
10.12.2020 19:09:38,9.91
10.12.2020 19:09:39,9.91
10.12.2020 19:09:40,9.91
10.12.2020 19:09:41,9.91
10.12.2020 19:09:42,9.91
10.12.2020 19:09:43,9.91
10.12.2020 19:09:44,9.91
10.12.2020 19:09:45,9.91
10.12.2020 19:09:46,9.91
10.12.2020 19:09:47,9.91
10.12.2020 19:09:48,9.91
10.12.2020 19:09:49,9.91
10.12.2020 19:09:50,9.91
10.12.2020 19:09:51,9.91
10.12.2020 19:09:52,9.91
10.12.2020 19:09:53,9.91
10.12.2020 19:09:54,9.91
10.12.2020 19:09:55,9.91
10.12.2020 19:09:56,9.91
10.12.2020 19:09:57,9.91
10.12.2020 19:09:58,9.91
10.12.2020 19:09:59,9.91
10.12.2020 19:10:00,9.91
10.12.2020 19:10:01,9.91
10.12.2020 19:10:02,9.91
10.12.2020 19:10:03,9.91
10.12.2020 19:10:04,9.91
10.12.2020 19:10:05,9.91
10.12.2020 19:10:06,9.91
10.12.2020 19:10:07,9.91
10.12.2020 19:10:08,9.91
10.12.2020 19:10:09,9.91
10.12.2020 19:10:10,9.91
10.12.2020 19:10:11,9.91
10.12.2020 19:10:12,9.91
10.12.2020 19:10:13,9.91
10.12.2020 19:10:14,9.91
10.12.2020 19:10:15,9.91
10.12.2020 19:10:16,9.91
10.12.2020 19:10:17,9.91
10.12.2020 19:10:18,9.91
10.12.2020 19:10:19,9.91
10.12.2020 19:10:20,9.91
10.12.2020 19:10:21,9.91
10.12.2020 19:10:22,9.91
10.12.2020 19:10:23,9.91
10.12.2020 19:10:24,9.91
10.12.2020 19:10:25,9.91
10.12.2020 19:10:26,9.91
10.12.2020 19:10:27,9.91
10.12.2020 19:10:28,9.91
10.12.2020 19:10:29,9.91
10.12.2020 19:10:30,9.91
10.12.2020 19:10:31,9.91
10.12.2020 19:10:32,9.91
10.12.2020 19:10:33,9.91
10.12.2020 19:10:34,9.91
10.12.2020 19:10:35,9.91
10.12.2020 19:10:36,9.91
10.12.2020 19:10:37,9.91
10.12.2020 19:10:38,9.91
10.12.2020 19:10:39,9.91
10.12.2020 19:10:40,9.91
10.12.2020 19:10:41,9.91
10.12.2020 19:10:42,9.91
10.12.2020 19:10:43,9.91
10.12.2020 19:10:44,9.91
10.12.2020 19:10:45,9.91
10.12.2020 19:10:46,9.91
10.12.2020 19:10:47,9.91
10.12.2020 19:10:48,9.91
10.12.2020 19:10:49,9.91
10.12.2020 19:10:50,9.91
10.12.2020 19:10:51,9.91
10.12.2020 19:10:52,9.91
10.12.2020 19:10:53,9.91
10.12.2020 19:10:54,9.91
10.12.2020 19:10:55,9.91
10.12.2020 19:10:56,9.91
10.12.2020 19:10:57,9.91
10.12.2020 19:10:58,9.91
10.12.2020 19:10:59,9.91
10.12.2020 19:11:00,9.91
10.12.2020 19:11:01,9.91
10.12.2020 19:11:02,9.91
10.12.2020 19:11:03,9.91
10.12.2020 19:11:04,9.91
10.12.2020 19:11:05,9.91
10.12.2020 19:11:06,9.91
10.12.2020 19:11:07,9.91
10.12.2020 19:11:08,9.91
10.12.2020 19:11:09,9.91
10.12.2020 19:11:10,9.91
10.12.2020 19:11:11,9.91
10.12.2020 19:11:12,9.91
10.12.2020 19:11:13,9.91
10.12.2020 19:11:14,9.91
10.12.2020 19:11:15,9.91
10.12.2020 19:11:16,9.91
10.12.2020 19:11:17,9.91
10.12.2020 19:11:18,9.91
10.12.2020 19:11:19,9.91
10.12.2020 19:11:20,9.91
10.12.2020 19:11:21,9.91
10.12.2020 19:11:22,9.91
10.12.2020 19:11:23,9.91
10.12.2020 19:11:24,9.91
10.12.2020 19:11:25,9.91
10.12.2020 19:11:26,9.91
10.12.2020 19:11:27,9.91
10.12.2020 19:11:28,9.91
10.12.2020 19:11:29,9.91
10.12.2020 19:11:30,9.91
10.12.2020 19:11:31,9.91
10.12.2020 19:11:32,9.91
10.12.2020 19:11:33,9.91
10.12.2020 19:11:34,9.91
10.12.2020 19:11:35,9.91
10.12.2020 19:11:36,9.91
10.12.2020 19:11:37,9.91
10.12.2020 19:11:38,9.91
10.12.2020 19:11:39,9.91
10.12.2020 19:11:40,9.91
10.12.2020 19:11:41,9.91
10.12.2020 19:11:42,9.91
10.12.2020 19:11:43,9.91
10.12.2020 19:11:44,9.91
10.12.2020 19:11:45,9.91
10.12.2020 19:11:46,9.91
10.12.2020 19:11:47,9.91
10.12.2020 19:11:48,9.91
10.12.2020 19:11:49,9.91
10.12.2020 19:11:50,9.91
10.12.2020 19:11:51,9.91
10.12.2020 19:11:52,9.91
10.12.2020 19:11:53,9.91
10.12.2020 19:11:54,9.91
10.12.2020 19:11:55,9.91
10.12.2020 19:11:56,9.91
10.12.2020 19:11:57,9.91
10.12.2020 19:11:58,9.91
10.12.2020 19:11:59,9.91
10.12.2020 19:12:00,9.91
10.12.2020 19:12:01,9.91
10.12.2020 19:12:02,9.91
10.12.2020 19:12:03,9.91
10.12.2020 19:12:04,9.91
10.12.2020 19:12:05,9.91
10.12.2020 19:12:06,9.91
10.12.2020 19:12:07,9.91
10.12.2020 19:12:08,9.91
10.12.2020 19:12:09,9.91
10.12.2020 19:12:10,9.91
10.12.2020 19:12:11,9.91
10.12.2020 19:12:12,9.91
10.12.2020 19:12:13,9.91
10.12.2020 19:12:14,9.91
10.12.2020 19:12:15,9.91
10.12.2020 19:12:16,9.91
10.12.2020 19:12:17,9.91
10.12.2020 19:12:18,9.91
10.12.2020 19:12:19,9.91
10.12.2020 19:12:20,9.91
10.12.2020 19:12:21,9.91
10.12.2020 19:12:22,9.91
10.12.2020 19:12:23,9.91
10.12.2020 19:12:24,9.91
10.12.2020 19:12:25,9.91
10.12.2020 19:12:26,9.91
10.12.2020 19:12:27,9.91
10.12.2020 19:12:28,9.91
10.12.2020 19:12:29,9.91
10.12.2020 19:12:30,9.91
10.12.2020 19:12:31,9.91
10.12.2020 19:12:32,9.91
10.12.2020 19:12:33,9.91
10.12.2020 19:12:34,9.91
10.12.2020 19:12:35,9.91
10.12.2020 19:12:36,9.91
10.12.2020 19:12:37,9.91
10.12.2020 19:12:38,9.91
10.12.2020 19:12:39,9.91
10.12.2020 19:12:40,9.91
10.12.2020 19:12:41,9.91
10.12.2020 19:12:42,9.91
10.12.2020 19:12:43,9.91
10.12.2020 19:12:44,9.91
10.12.2020 19:12:45,9.91
10.12.2020 19:12:46,9.91
10.12.2020 19:12:47,9.91
10.12.2020 19:12:48,9.91
10.12.2020 19:12:49,9.91
10.12.2020 19:12:50,9.91
10.12.2020 19:12:51,9.91
10.12.2020 19:12:52,9.91
10.12.2020 19:12:53,9.91
10.12.2020 19:12:54,9.91
10.12.2020 19:12:55,9.91
10.12.2020 19:12:56,9.91
10.12.2020 19:12:57,9.91
10.12.2020 19:12:58,9.91
10.12.2020 19:12:59,9.91
10.12.2020 19:13:00,9.91
10.12.2020 19:13:01,9.91
10.12.2020 19:13:02,9.91
10.12.2020 19:13:03,9.91
10.12.2020 19:13:04,9.91
10.12.2020 19:13:05,9.91
10.12.2020 19:13:06,9.91
10.12.2020 19:13:07,9.91
10.12.2020 19:13:08,9.91
10.12.2020 19:13:09,9.91
10.12.2020 19:13:10,9.91
10.12.2020 19:13:11,9.91
10.12.2020 19:13:12,9.91
10.12.2020 19:13:13,9.91
10.12.2020 19:13:14,9.91
10.12.2020 19:13:15,9.91
10.12.2020 19:13:16,9.91
10.12.2020 19:13:17,9.91
10.12.2020 19:13:18,9.91
10.12.2020 19:13:19,9.91
10.12.2020 19:13:20,9.91
10.12.2020 19:13:21,9.91
10.12.2020 19:13:22,9.91
10.12.2020 19:13:23,9.91
10.12.2020 19:13:24,9.91
10.12.2020 19:13:25,9.91
10.12.2020 19:13:26,9.91
10.12.2020 19:13:27,9.91
10.12.2020 19:13:28,9.91
10.12.2020 19:13:29,9.91
10.12.2020 19:13:30,9.91
10.12.2020 19:13:31,9.91
10.12.2020 19:13:32,9.91
10.12.2020 19:13:33,9.91
10.12.2020 19:13:34,9.91
10.12.2020 19:13:35,9.91
10.12.2020 19:13:36,9.91
10.12.2020 19:13:37,9.91
10.12.2020 19:13:38,9.91
10.12.2020 19:13:39,9.91
10.12.2020 19:13:40,9.91
10.12.2020 19:13:41,9.91
10.12.2020 19:13:42,9.91
10.12.2020 19:13:43,9.91
10.12.2020 19:13:44,9.91
10.12.2020 19:13:45,9.91
10.12.2020 19:13:46,9.91
10.12.2020 19:13:47,9.91
10.12.2020 19:13:48,9.91
10.12.2020 19:13:49,9.91
10.12.2020 19:13:50,9.91
10.12.2020 19:13:51,9.91
10.12.2020 19:13:52,9.91
10.12.2020 19:13:53,9.91
10.12.2020 19:13:54,9.91
10.12.2020 19:13:55,9.91
10.12.2020 19:13:56,9.91
10.12.2020 19:13:57,9.91
10.12.2020 19:13:58,9.91
10.12.2020 19:13:59,9.91
10.12.2020 19:14:00,9.91
10.12.2020 19:14:01,9.91
10.12.2020 19:14:02,9.91
10.12.2020 19:14:03,9.91
10.12.2020 19:14:04,9.91
10.12.2020 19:14:05,9.91
10.12.2020 19:14:06,9.91
10.12.2020 19:14:07,9.91
10.12.2020 19:14:08,9.91
10.12.2020 19:14:09,9.91
10.12.2020 19:14:10,9.91
10.12.2020 19:14:11,9.91
10.12.2020 19:14:12,9.91
10.12.2020 19:14:13,9.91
10.12.2020 19:14:14,9.91
10.12.2020 19:14:15,9.91
10.12.2020 19:14:16,9.91
10.12.2020 19:14:17,9.91
10.12.2020 19:14:18,9.91
10.12.2020 19:14:19,9.91
10.12.2020 19:14:20,9.56
10.12.2020 19:14:21,9.56
10.12.2020 19:14:22,9.56
10.12.2020 19:14:23,9.56
10.12.2020 19:14:24,9.56
10.12.2020 19:14:25,9.56
10.12.2020 19:14:26,9.56
10.12.2020 19:14:27,9.56
10.12.2020 19:14:28,9.56
10.12.2020 19:14:29,9.56
10.12.2020 19:14:30,9.56
10.12.2020 19:14:31,9.56
10.12.2020 19:14:32,9.56
10.12.2020 19:14:33,9.56
10.12.2020 19:14:34,9.56
10.12.2020 19:14:35,9.56
10.12.2020 19:14:36,9.56
10.12.2020 19:14:37,9.56
10.12.2020 19:14:38,9.56
10.12.2020 19:14:39,9.56
10.12.2020 19:14:40,9.56
10.12.2020 19:14:41,9.56
10.12.2020 19:14:42,9.56
10.12.2020 19:14:43,9.56
10.12.2020 19:14:44,9.56
10.12.2020 19:14:45,9.56
10.12.2020 19:14:46,9.56
10.12.2020 19:14:47,9.56
10.12.2020 19:14:48,9.56
10.12.2020 19:14:49,9.56
10.12.2020 19:14:50,9.56
10.12.2020 19:14:51,9.56
10.12.2020 19:14:52,9.56
10.12.2020 19:14:53,9.56
10.12.2020 19:14:54,9.56
10.12.2020 19:14:55,9.56
10.12.2020 19:14:56,9.56
10.12.2020 19:14:57,9.56
10.12.2020 19:14:58,9.56
10.12.2020 19:14:59,9.56
10.12.2020 19:15:00,9.56
10.12.2020 19:15:01,9.56
10.12.2020 19:15:02,9.56
10.12.2020 19:15:03,9.56
10.12.2020 19:15:04,9.56
10.12.2020 19:15:05,9.56
10.12.2020 19:15:06,9.56
10.12.2020 19:15:07,9.56
10.12.2020 19:15:08,9.56
10.12.2020 19:15:09,9.56
10.12.2020 19:15:10,9.56
10.12.2020 19:15:11,9.56
10.12.2020 19:15:12,9.56
10.12.2020 19:15:13,9.56
10.12.2020 19:15:14,9.56
10.12.2020 19:15:15,9.56
10.12.2020 19:15:16,9.56
10.12.2020 19:15:17,9.56
10.12.2020 19:15:18,9.56
10.12.2020 19:15:19,9.56
10.12.2020 19:15:20,9.56
10.12.2020 19:15:21,9.56
10.12.2020 19:15:22,9.56
10.12.2020 19:15:23,9.56
10.12.2020 19:15:24,9.56
10.12.2020 19:15:25,9.56
10.12.2020 19:15:26,9.56
10.12.2020 19:15:27,9.56
10.12.2020 19:15:28,9.56
10.12.2020 19:15:29,9.56
10.12.2020 19:15:30,9.56
10.12.2020 19:15:31,9.56
10.12.2020 19:15:32,9.56
10.12.2020 19:15:33,9.56
10.12.2020 19:15:34,9.56
10.12.2020 19:15:35,9.56
10.12.2020 19:15:36,9.56
10.12.2020 19:15:37,9.56
10.12.2020 19:15:38,9.56
10.12.2020 19:15:39,9.56
10.12.2020 19:15:40,9.56
10.12.2020 19:15:41,9.56
10.12.2020 19:15:42,9.56
10.12.2020 19:15:43,9.56
10.12.2020 19:15:44,9.56
10.12.2020 19:15:45,9.56
10.12.2020 19:15:46,9.56
10.12.2020 19:15:47,9.56
10.12.2020 19:15:48,9.56
10.12.2020 19:15:49,9.56
10.12.2020 19:15:50,9.56
10.12.2020 19:15:51,9.56
10.12.2020 19:15:52,9.56
10.12.2020 19:15:53,9.56
10.12.2020 19:15:54,9.56
10.12.2020 19:15:55,9.56
10.12.2020 19:15:56,9.56
10.12.2020 19:15:57,9.56
10.12.2020 19:15:58,9.56
10.12.2020 19:15:59,9.56
10.12.2020 19:16:00,9.56
10.12.2020 19:16:01,9.56
10.12.2020 19:16:02,9.56
10.12.2020 19:16:03,9.56
10.12.2020 19:16:04,9.56
10.12.2020 19:16:05,9.56
10.12.2020 19:16:06,9.56
10.12.2020 19:16:07,9.56
10.12.2020 19:16:08,9.56
10.12.2020 19:16:09,9.56
10.12.2020 19:16:10,9.56
10.12.2020 19:16:11,9.56
10.12.2020 19:16:12,9.56
10.12.2020 19:16:13,9.56
10.12.2020 19:16:14,9.56
10.12.2020 19:16:15,9.56
10.12.2020 19:16:16,9.56
10.12.2020 19:16:17,9.56
10.12.2020 19:16:18,9.56
10.12.2020 19:16:19,9.56
10.12.2020 19:16:20,9.56
10.12.2020 19:16:21,9.56
10.12.2020 19:16:22,9.56
10.12.2020 19:16:23,9.56
10.12.2020 19:16:24,9.56
10.12.2020 19:16:25,9.56
10.12.2020 19:16:26,9.56
10.12.2020 19:16:27,9.56
10.12.2020 19:16:28,9.56
10.12.2020 19:16:29,9.56
10.12.2020 19:16:30,9.56
10.12.2020 19:16:31,9.56
10.12.2020 19:16:32,9.56
10.12.2020 19:16:33,9.56
10.12.2020 19:16:34,9.56
10.12.2020 19:16:35,9.56
10.12.2020 19:16:36,9.56
10.12.2020 19:16:37,9.56
10.12.2020 19:16:38,9.56
10.12.2020 19:16:39,9.56
10.12.2020 19:16:40,9.56
10.12.2020 19:16:41,9.56
10.12.2020 19:16:42,9.56
10.12.2020 19:16:43,9.56
10.12.2020 19:16:44,9.56
10.12.2020 19:16:45,9.56
10.12.2020 19:16:46,9.56
10.12.2020 19:16:47,9.56
10.12.2020 19:16:48,9.56
10.12.2020 19:16:49,9.56
10.12.2020 19:16:50,9.56
10.12.2020 19:16:51,9.56
10.12.2020 19:16:52,9.56
10.12.2020 19:16:53,9.56
10.12.2020 19:16:54,9.56
10.12.2020 19:16:55,9.56
10.12.2020 19:16:56,9.56
10.12.2020 19:16:57,9.56
10.12.2020 19:16:58,9.56
10.12.2020 19:16:59,9.56
10.12.2020 19:17:00,9.56
10.12.2020 19:17:01,9.56
10.12.2020 19:17:02,9.56
10.12.2020 19:17:03,9.56
10.12.2020 19:17:04,9.56
10.12.2020 19:17:05,9.56
10.12.2020 19:17:06,9.56
10.12.2020 19:17:07,9.56
10.12.2020 19:17:08,9.56
10.12.2020 19:17:09,9.56
10.12.2020 19:17:10,9.56
10.12.2020 19:17:11,9.56
10.12.2020 19:17:12,9.56
10.12.2020 19:17:13,9.56
10.12.2020 19:17:14,9.56
10.12.2020 19:17:15,9.56
10.12.2020 19:17:16,9.56
10.12.2020 19:17:17,9.56
10.12.2020 19:17:18,9.56
10.12.2020 19:17:19,9.56
10.12.2020 19:17:20,9.56
10.12.2020 19:17:21,9.56
10.12.2020 19:17:22,9.56
10.12.2020 19:17:23,9.56
10.12.2020 19:17:24,9.56
10.12.2020 19:17:25,9.56
10.12.2020 19:17:26,9.56
10.12.2020 19:17:27,9.56
10.12.2020 19:17:28,9.56
10.12.2020 19:17:29,9.56
10.12.2020 19:17:30,9.56
10.12.2020 19:17:31,9.56
10.12.2020 19:17:32,9.56
10.12.2020 19:17:33,9.56
10.12.2020 19:17:34,9.56
10.12.2020 19:17:35,9.56
10.12.2020 19:17:36,9.56
10.12.2020 19:17:37,9.56
10.12.2020 19:17:38,9.56
10.12.2020 19:17:39,9.56
10.12.2020 19:17:40,9.56
10.12.2020 19:17:41,9.56
10.12.2020 19:17:42,9.56
10.12.2020 19:17:43,9.56
10.12.2020 19:17:44,9.56
10.12.2020 19:17:45,9.56
10.12.2020 19:17:46,9.56
10.12.2020 19:17:47,9.56
10.12.2020 19:17:48,9.56
10.12.2020 19:17:49,9.56
10.12.2020 19:17:50,9.56
10.12.2020 19:17:51,9.56
10.12.2020 19:17:52,9.56
10.12.2020 19:17:53,9.56
10.12.2020 19:17:54,9.56
10.12.2020 19:17:55,9.56
10.12.2020 19:17:56,9.56
10.12.2020 19:17:57,9.56
10.12.2020 19:17:58,9.56
10.12.2020 19:17:59,9.56
10.12.2020 19:18:00,9.56
10.12.2020 19:18:01,9.56
10.12.2020 19:18:02,9.56
10.12.2020 19:18:03,9.56
10.12.2020 19:18:04,9.56
10.12.2020 19:18:05,9.56
10.12.2020 19:18:06,9.56
10.12.2020 19:18:07,9.56
10.12.2020 19:18:08,9.56
10.12.2020 19:18:09,9.56
10.12.2020 19:18:10,9.56
10.12.2020 19:18:11,9.56
10.12.2020 19:18:12,9.56
10.12.2020 19:18:13,9.56
10.12.2020 19:18:14,9.56
10.12.2020 19:18:15,9.56
10.12.2020 19:18:16,9.56
10.12.2020 19:18:17,9.56
10.12.2020 19:18:18,9.56
10.12.2020 19:18:19,9.56
10.12.2020 19:18:20,9.56
10.12.2020 19:18:21,9.56
10.12.2020 19:18:22,9.56
10.12.2020 19:18:23,9.56
10.12.2020 19:18:24,9.56
10.12.2020 19:18:25,9.56
10.12.2020 19:18:26,9.56
10.12.2020 19:18:27,9.56
10.12.2020 19:18:28,9.56
10.12.2020 19:18:29,9.56
10.12.2020 19:18:30,9.56
10.12.2020 19:18:31,9.56
10.12.2020 19:18:32,9.56
10.12.2020 19:18:33,9.56
10.12.2020 19:18:34,9.56
10.12.2020 19:18:35,9.56
10.12.2020 19:18:36,9.56
10.12.2020 19:18:37,9.56
10.12.2020 19:18:38,9.56
10.12.2020 19:18:39,9.56
10.12.2020 19:18:40,9.56
10.12.2020 19:18:41,9.56
10.12.2020 19:18:42,9.56
10.12.2020 19:18:43,9.56
10.12.2020 19:18:44,9.56
10.12.2020 19:18:45,9.56
10.12.2020 19:18:46,9.56
10.12.2020 19:18:47,9.56
10.12.2020 19:18:48,9.56
10.12.2020 19:18:49,9.56
10.12.2020 19:18:50,9.56
10.12.2020 19:18:51,9.56
10.12.2020 19:18:52,9.56
10.12.2020 19:18:53,9.56
10.12.2020 19:18:54,9.56
10.12.2020 19:18:55,9.56
10.12.2020 19:18:56,9.56
10.12.2020 19:18:57,9.56
10.12.2020 19:18:58,9.56
10.12.2020 19:18:59,9.56
10.12.2020 19:19:00,9.56
10.12.2020 19:19:01,9.56
10.12.2020 19:19:02,9.56
10.12.2020 19:19:03,9.56
10.12.2020 19:19:04,9.56
10.12.2020 19:19:05,9.56
10.12.2020 19:19:06,9.56
10.12.2020 19:19:07,9.56
10.12.2020 19:19:08,9.56
10.12.2020 19:19:09,9.56
10.12.2020 19:19:10,9.56
10.12.2020 19:19:11,9.56
10.12.2020 19:19:12,9.56
10.12.2020 19:19:13,9.56
10.12.2020 19:19:14,9.56
10.12.2020 19:19:15,9.56
10.12.2020 19:19:16,9.56
10.12.2020 19:19:17,9.56
10.12.2020 19:19:18,9.56
10.12.2020 19:19:19,9.56
10.12.2020 19:19:20,9.56
10.12.2020 19:19:21,9.56
10.12.2020 19:19:22,9.56
10.12.2020 19:19:23,9.56
10.12.2020 19:19:24,9.56
10.12.2020 19:19:25,9.56
10.12.2020 19:19:26,9.56
10.12.2020 19:19:27,9.56
10.12.2020 19:19:28,9.56
10.12.2020 19:19:29,9.56
10.12.2020 19:19:30,9.56
10.12.2020 19:19:31,9.56
10.12.2020 19:19:32,9.56
10.12.2020 19:19:33,9.56
10.12.2020 19:19:34,9.56
10.12.2020 19:19:35,9.56
10.12.2020 19:19:36,9.56
10.12.2020 19:19:37,9.56
10.12.2020 19:19:38,9.56
10.12.2020 19:19:39,9.56
10.12.2020 19:19:40,9.56
10.12.2020 19:19:41,9.56
10.12.2020 19:19:42,9.56
10.12.2020 19:19:43,9.56
10.12.2020 19:19:44,9.56
10.12.2020 19:19:45,9.56
10.12.2020 19:19:46,9.56
10.12.2020 19:19:47,9.56
10.12.2020 19:19:48,9.56
10.12.2020 19:19:49,9.56
10.12.2020 19:19:50,9.56
10.12.2020 19:19:51,9.56
10.12.2020 19:19:52,9.56
10.12.2020 19:19:53,9.56
10.12.2020 19:19:54,9.56
10.12.2020 19:19:55,9.56
10.12.2020 19:19:56,9.56
10.12.2020 19:19:57,9.56
10.12.2020 19:19:58,9.56
10.12.2020 19:19:59,9.56
10.12.2020 19:20:00,9.56
10.12.2020 19:20:01,9.56
10.12.2020 19:20:02,9.56
10.12.2020 19:20:03,9.56
10.12.2020 19:20:04,9.56
10.12.2020 19:20:05,9.56
10.12.2020 19:20:06,9.56
10.12.2020 19:20:07,9.56
10.12.2020 19:20:08,9.56
10.12.2020 19:20:09,9.56
10.12.2020 19:20:10,9.56
10.12.2020 19:20:11,9.56
10.12.2020 19:20:12,9.56
10.12.2020 19:20:13,9.56
10.12.2020 19:20:14,9.56
10.12.2020 19:20:15,9.56
10.12.2020 19:20:16,9.56
10.12.2020 19:20:17,9.56
10.12.2020 19:20:18,9.56
10.12.2020 19:20:19,9.56
10.12.2020 19:20:20,9.56
10.12.2020 19:20:21,9.56
10.12.2020 19:20:22,9.56
10.12.2020 19:20:23,9.56
10.12.2020 19:20:24,9.56
10.12.2020 19:20:25,9.56
10.12.2020 19:20:26,9.56
10.12.2020 19:20:27,9.56
10.12.2020 19:20:28,9.56
10.12.2020 19:20:29,9.56
10.12.2020 19:20:30,9.56
10.12.2020 19:20:31,9.56
10.12.2020 19:20:32,9.56
10.12.2020 19:20:33,9.56
10.12.2020 19:20:34,9.56
10.12.2020 19:20:35,9.56
10.12.2020 19:20:36,9.56
10.12.2020 19:20:37,9.56
10.12.2020 19:20:38,9.56
10.12.2020 19:20:39,9.56
10.12.2020 19:20:40,9.56
10.12.2020 19:20:41,9.56
10.12.2020 19:20:42,9.56
10.12.2020 19:20:43,9.56
10.12.2020 19:20:44,9.56
10.12.2020 19:20:45,9.56
10.12.2020 19:20:46,9.56
10.12.2020 19:20:47,9.56
10.12.2020 19:20:48,9.56
10.12.2020 19:20:49,9.56
10.12.2020 19:20:50,9.56
10.12.2020 19:20:51,9.56
10.12.2020 19:20:52,9.56
10.12.2020 19:20:53,9.56
10.12.2020 19:20:54,9.56
10.12.2020 19:20:55,9.56
10.12.2020 19:20:56,9.56
10.12.2020 19:20:57,9.56
10.12.2020 19:20:58,9.56
10.12.2020 19:20:59,9.56
10.12.2020 19:21:00,9.56
10.12.2020 19:21:01,9.56
10.12.2020 19:21:02,9.56
10.12.2020 19:21:03,9.56
10.12.2020 19:21:04,9.56
10.12.2020 19:21:05,9.56
10.12.2020 19:21:06,9.56
10.12.2020 19:21:07,9.56
10.12.2020 19:21:08,9.56
10.12.2020 19:21:09,9.56
10.12.2020 19:21:10,9.56
10.12.2020 19:21:11,9.56
10.12.2020 19:21:12,9.56
10.12.2020 19:21:13,9.56
10.12.2020 19:21:14,9.56
10.12.2020 19:21:15,9.56
10.12.2020 19:21:16,9.56
10.12.2020 19:21:17,9.56
10.12.2020 19:21:18,9.56
10.12.2020 19:21:19,9.56
10.12.2020 19:21:20,9.56
10.12.2020 19:21:21,9.56
10.12.2020 19:21:22,9.56
10.12.2020 19:21:23,9.56
10.12.2020 19:21:24,9.56
10.12.2020 19:21:25,9.56
10.12.2020 19:21:26,9.56
10.12.2020 19:21:27,9.56
10.12.2020 19:21:28,9.56
10.12.2020 19:21:29,9.56
10.12.2020 19:21:30,9.56
10.12.2020 19:21:31,9.56
10.12.2020 19:21:32,9.56
10.12.2020 19:21:33,9.56
10.12.2020 19:21:34,9.56
10.12.2020 19:21:35,9.56
10.12.2020 19:21:36,9.56
10.12.2020 19:21:37,9.56
10.12.2020 19:21:38,9.56
10.12.2020 19:21:39,9.56
10.12.2020 19:21:40,9.56
10.12.2020 19:21:41,9.56
10.12.2020 19:21:42,9.56
10.12.2020 19:21:43,9.56
10.12.2020 19:21:44,9.56
10.12.2020 19:21:45,9.56
10.12.2020 19:21:46,9.56
10.12.2020 19:21:47,9.56
10.12.2020 19:21:48,9.56
10.12.2020 19:21:49,9.56
10.12.2020 19:21:50,9.56
10.12.2020 19:21:51,9.56
10.12.2020 19:21:52,9.56
10.12.2020 19:21:53,9.56
10.12.2020 19:21:54,9.56
10.12.2020 19:21:55,9.56
10.12.2020 19:21:56,9.56
10.12.2020 19:21:57,9.56
10.12.2020 19:21:58,9.56
10.12.2020 19:21:59,9.56
10.12.2020 19:22:00,9.56
10.12.2020 19:22:01,9.56
10.12.2020 19:22:02,9.56
10.12.2020 19:22:03,9.56
10.12.2020 19:22:04,9.56
10.12.2020 19:22:05,9.56
10.12.2020 19:22:06,9.56
10.12.2020 19:22:07,9.56
10.12.2020 19:22:08,9.56
10.12.2020 19:22:09,9.56
10.12.2020 19:22:10,9.56
10.12.2020 19:22:11,9.56
10.12.2020 19:22:12,9.56
10.12.2020 19:22:13,9.56
10.12.2020 19:22:14,9.56
10.12.2020 19:22:15,9.56
10.12.2020 19:22:16,9.56
10.12.2020 19:22:17,9.56
10.12.2020 19:22:18,9.56
10.12.2020 19:22:19,9.56
10.12.2020 19:22:20,9.56
10.12.2020 19:22:21,9.56
10.12.2020 19:22:22,9.56
10.12.2020 19:22:23,9.56
10.12.2020 19:22:24,9.56
10.12.2020 19:22:25,9.56
10.12.2020 19:22:26,9.56
10.12.2020 19:22:27,9.56
10.12.2020 19:22:28,9.56
10.12.2020 19:22:29,9.56
10.12.2020 19:22:30,9.56
10.12.2020 19:22:31,9.56
10.12.2020 19:22:32,9.56
10.12.2020 19:22:33,9.56
10.12.2020 19:22:34,9.56
10.12.2020 19:22:35,9.56
10.12.2020 19:22:36,9.56
10.12.2020 19:22:37,9.56
10.12.2020 19:22:38,9.56
10.12.2020 19:22:39,9.56
10.12.2020 19:22:40,9.56
10.12.2020 19:22:41,9.56
10.12.2020 19:22:42,9.56
10.12.2020 19:22:43,9.56
10.12.2020 19:22:44,9.56
10.12.2020 19:22:45,9.56
10.12.2020 19:22:46,9.56
10.12.2020 19:22:47,9.56
10.12.2020 19:22:48,9.56
10.12.2020 19:22:49,9.56
10.12.2020 19:22:50,9.56
10.12.2020 19:22:51,9.56
10.12.2020 19:22:52,9.56
10.12.2020 19:22:53,9.56
10.12.2020 19:22:54,9.56
10.12.2020 19:22:55,9.56
10.12.2020 19:22:56,9.56
10.12.2020 19:22:57,9.56
10.12.2020 19:22:58,9.56
10.12.2020 19:22:59,9.56
10.12.2020 19:23:00,9.56
10.12.2020 19:23:01,9.56
10.12.2020 19:23:02,9.56
10.12.2020 19:23:03,9.56
10.12.2020 19:23:04,9.56
10.12.2020 19:23:05,9.56
10.12.2020 19:23:06,9.56
10.12.2020 19:23:07,9.56
10.12.2020 19:23:08,9.56
10.12.2020 19:23:09,9.56
10.12.2020 19:23:10,9.56
10.12.2020 19:23:11,9.56
10.12.2020 19:23:12,9.56
10.12.2020 19:23:13,9.56
10.12.2020 19:23:14,9.56
10.12.2020 19:23:15,9.56
10.12.2020 19:23:16,9.56
10.12.2020 19:23:17,9.56
10.12.2020 19:23:18,9.56
10.12.2020 19:23:19,9.56
10.12.2020 19:23:20,9.56
10.12.2020 19:23:21,9.56
10.12.2020 19:23:22,9.56
10.12.2020 19:23:23,9.56
10.12.2020 19:23:24,9.56
10.12.2020 19:23:25,9.56
10.12.2020 19:23:26,9.56
10.12.2020 19:23:27,9.56
10.12.2020 19:23:28,9.56
10.12.2020 19:23:29,9.56
10.12.2020 19:23:30,9.56
10.12.2020 19:23:31,9.56
10.12.2020 19:23:32,9.56
10.12.2020 19:23:33,9.56
10.12.2020 19:23:34,9.56
10.12.2020 19:23:35,9.56
10.12.2020 19:23:36,9.56
10.12.2020 19:23:37,9.56
10.12.2020 19:23:38,9.56
10.12.2020 19:23:39,9.56
10.12.2020 19:23:40,9.56
10.12.2020 19:23:41,9.56
10.12.2020 19:23:42,9.56
10.12.2020 19:23:43,9.56
10.12.2020 19:23:44,9.56
10.12.2020 19:23:45,9.56
10.12.2020 19:23:46,9.56
10.12.2020 19:23:47,9.56
10.12.2020 19:23:48,9.56
10.12.2020 19:23:49,9.56
10.12.2020 19:23:50,9.56
10.12.2020 19:23:51,9.56
10.12.2020 19:23:52,9.56
10.12.2020 19:23:53,9.56
10.12.2020 19:23:54,9.56
10.12.2020 19:23:55,9.56
10.12.2020 19:23:56,9.56
10.12.2020 19:23:57,9.56
10.12.2020 19:23:58,9.56
10.12.2020 19:23:59,9.56
10.12.2020 19:24:00,9.56
10.12.2020 19:24:01,9.56
10.12.2020 19:24:02,9.56
10.12.2020 19:24:03,9.56
10.12.2020 19:24:04,9.56
10.12.2020 19:24:05,9.56
10.12.2020 19:24:06,9.56
10.12.2020 19:24:07,9.56
10.12.2020 19:24:08,9.56
10.12.2020 19:24:09,9.56
10.12.2020 19:24:10,9.56
10.12.2020 19:24:11,9.56
10.12.2020 19:24:12,9.56
10.12.2020 19:24:13,9.56
10.12.2020 19:24:14,9.56
10.12.2020 19:24:15,9.56
10.12.2020 19:24:16,9.56
10.12.2020 19:24:17,9.56
10.12.2020 19:24:18,9.56
10.12.2020 19:24:19,9.37
10.12.2020 19:24:20,9.37
10.12.2020 19:24:21,9.37
10.12.2020 19:24:22,9.37
10.12.2020 19:24:23,9.37
10.12.2020 19:24:24,9.37
10.12.2020 19:24:25,9.37
10.12.2020 19:24:26,9.37
10.12.2020 19:24:27,9.37
10.12.2020 19:24:28,9.37
10.12.2020 19:24:29,9.37
10.12.2020 19:24:30,9.37
10.12.2020 19:24:31,9.37
10.12.2020 19:24:32,9.37
10.12.2020 19:24:33,9.37
10.12.2020 19:24:34,9.37
10.12.2020 19:24:35,9.37
10.12.2020 19:24:36,9.37
10.12.2020 19:24:37,9.37
10.12.2020 19:24:38,9.37
10.12.2020 19:24:39,9.37
10.12.2020 19:24:40,9.37
10.12.2020 19:24:41,9.37
10.12.2020 19:24:42,9.37
10.12.2020 19:24:43,9.37
10.12.2020 19:24:44,9.37
10.12.2020 19:24:45,9.37
10.12.2020 19:24:46,9.37
10.12.2020 19:24:47,9.37
10.12.2020 19:24:48,9.37
10.12.2020 19:24:49,9.37
10.12.2020 19:24:50,9.37
10.12.2020 19:24:51,9.37
10.12.2020 19:24:52,9.37
10.12.2020 19:24:53,9.37
10.12.2020 19:24:54,9.37
10.12.2020 19:24:55,9.37
10.12.2020 19:24:56,9.37
10.12.2020 19:24:57,9.37
10.12.2020 19:24:58,9.37
10.12.2020 19:24:59,9.37
10.12.2020 19:25:00,9.37
10.12.2020 19:25:01,9.37
10.12.2020 19:25:02,9.37
10.12.2020 19:25:03,9.37
10.12.2020 19:25:04,9.37
10.12.2020 19:25:05,9.37
10.12.2020 19:25:06,9.37
10.12.2020 19:25:07,9.37
10.12.2020 19:25:08,9.37
10.12.2020 19:25:09,9.37
10.12.2020 19:25:10,9.37
10.12.2020 19:25:11,9.37
10.12.2020 19:25:12,9.37
10.12.2020 19:25:13,9.37
10.12.2020 19:25:14,9.37
10.12.2020 19:25:15,9.37
10.12.2020 19:25:16,9.37
10.12.2020 19:25:17,9.37
10.12.2020 19:25:18,9.37
10.12.2020 19:25:19,9.37
10.12.2020 19:25:20,9.37
10.12.2020 19:25:21,9.37
10.12.2020 19:25:22,9.37
10.12.2020 19:25:23,9.37
10.12.2020 19:25:24,9.37
10.12.2020 19:25:25,9.37
10.12.2020 19:25:26,9.37
10.12.2020 19:25:27,9.37
10.12.2020 19:25:28,9.37
10.12.2020 19:25:29,9.37
10.12.2020 19:25:30,9.37
10.12.2020 19:25:31,9.37
10.12.2020 19:25:32,9.37
10.12.2020 19:25:33,9.37
10.12.2020 19:25:34,9.37
10.12.2020 19:25:35,9.37
10.12.2020 19:25:36,9.37
10.12.2020 19:25:37,9.37
10.12.2020 19:25:38,9.37
10.12.2020 19:25:39,9.37
10.12.2020 19:25:40,9.37
10.12.2020 19:25:41,9.37
10.12.2020 19:25:42,9.37
10.12.2020 19:25:43,9.37
10.12.2020 19:25:44,9.37
10.12.2020 19:25:45,9.37
10.12.2020 19:25:46,9.37
10.12.2020 19:25:47,9.37
10.12.2020 19:25:48,9.37
10.12.2020 19:25:49,9.37
10.12.2020 19:25:50,9.37
10.12.2020 19:25:51,9.37
10.12.2020 19:25:52,9.37
10.12.2020 19:25:53,9.37
10.12.2020 19:25:54,9.37
10.12.2020 19:25:55,9.37
10.12.2020 19:25:56,9.37
10.12.2020 19:25:57,9.37
10.12.2020 19:25:58,9.37
10.12.2020 19:25:59,9.37
10.12.2020 19:26:00,9.37
10.12.2020 19:26:01,9.37
10.12.2020 19:26:02,9.37
10.12.2020 19:26:03,9.37
10.12.2020 19:26:04,9.37
10.12.2020 19:26:05,9.37
10.12.2020 19:26:06,9.37
10.12.2020 19:26:07,9.37
10.12.2020 19:26:08,9.37
10.12.2020 19:26:09,9.37
10.12.2020 19:26:10,9.37
10.12.2020 19:26:11,9.37
10.12.2020 19:26:12,9.37
10.12.2020 19:26:13,9.37
10.12.2020 19:26:14,9.37
10.12.2020 19:26:15,9.37
10.12.2020 19:26:16,9.37
10.12.2020 19:26:17,9.37
10.12.2020 19:26:18,9.37
10.12.2020 19:26:19,9.37
10.12.2020 19:26:20,9.37
10.12.2020 19:26:21,9.37
10.12.2020 19:26:22,9.37
10.12.2020 19:26:23,9.37
10.12.2020 19:26:24,9.37
10.12.2020 19:26:25,9.37
10.12.2020 19:26:26,9.37
10.12.2020 19:26:27,9.37
10.12.2020 19:26:28,9.37
10.12.2020 19:26:29,9.37
10.12.2020 19:26:30,9.37
10.12.2020 19:26:31,9.37
10.12.2020 19:26:32,9.37
10.12.2020 19:26:33,9.37
10.12.2020 19:26:34,9.37
10.12.2020 19:26:35,9.37
10.12.2020 19:26:36,9.37
10.12.2020 19:26:37,9.37
10.12.2020 19:26:38,9.37
10.12.2020 19:26:39,9.37
10.12.2020 19:26:40,9.37
10.12.2020 19:26:41,9.37
10.12.2020 19:26:42,9.37
10.12.2020 19:26:43,9.37
10.12.2020 19:26:44,9.37
10.12.2020 19:26:45,9.37
10.12.2020 19:26:46,9.37
10.12.2020 19:26:47,9.37
10.12.2020 19:26:48,9.37
10.12.2020 19:26:49,9.37
10.12.2020 19:26:50,9.37
10.12.2020 19:26:51,9.37
10.12.2020 19:26:52,9.37
10.12.2020 19:26:53,9.37
10.12.2020 19:26:54,9.37
10.12.2020 19:26:55,9.37
10.12.2020 19:26:56,9.37
10.12.2020 19:26:57,9.37
10.12.2020 19:26:58,9.37
10.12.2020 19:26:59,9.37
10.12.2020 19:27:00,9.37
10.12.2020 19:27:01,9.37
10.12.2020 19:27:02,9.37
10.12.2020 19:27:03,9.37
10.12.2020 19:27:04,9.37
10.12.2020 19:27:05,9.37
10.12.2020 19:27:06,9.37
10.12.2020 19:27:07,9.37
10.12.2020 19:27:08,9.37
10.12.2020 19:27:09,9.37
10.12.2020 19:27:10,9.37
10.12.2020 19:27:11,9.37
10.12.2020 19:27:12,9.37
10.12.2020 19:27:13,9.37
10.12.2020 19:27:14,9.37
10.12.2020 19:27:15,9.37
10.12.2020 19:27:16,9.37
10.12.2020 19:27:17,9.37
10.12.2020 19:27:18,9.37
10.12.2020 19:27:19,9.37
10.12.2020 19:27:20,9.37
10.12.2020 19:27:21,9.37
10.12.2020 19:27:22,9.37
10.12.2020 19:27:23,9.37
10.12.2020 19:27:24,9.37
10.12.2020 19:27:25,9.37
10.12.2020 19:27:26,9.37
10.12.2020 19:27:27,9.37
10.12.2020 19:27:28,9.37
10.12.2020 19:27:29,9.37
10.12.2020 19:27:30,9.37
10.12.2020 19:27:31,9.37
10.12.2020 19:27:32,9.37
10.12.2020 19:27:33,9.37
10.12.2020 19:27:34,9.37
10.12.2020 19:27:35,9.37
10.12.2020 19:27:36,9.37
10.12.2020 19:27:37,9.37
10.12.2020 19:27:38,9.37
10.12.2020 19:27:39,9.37
10.12.2020 19:27:40,9.37
10.12.2020 19:27:41,9.37
10.12.2020 19:27:42,9.37
10.12.2020 19:27:43,9.37
10.12.2020 19:27:44,9.37
10.12.2020 19:27:45,9.37
10.12.2020 19:27:46,9.37
10.12.2020 19:27:47,9.37
10.12.2020 19:27:48,9.37
10.12.2020 19:27:49,9.37
10.12.2020 19:27:50,9.37
10.12.2020 19:27:51,9.37
10.12.2020 19:27:52,9.37
10.12.2020 19:27:53,9.37
10.12.2020 19:27:54,9.37
10.12.2020 19:27:55,9.37
10.12.2020 19:27:56,9.37
10.12.2020 19:27:57,9.37
10.12.2020 19:27:58,9.37
10.12.2020 19:27:59,9.37
10.12.2020 19:28:00,9.37
10.12.2020 19:28:01,9.37
10.12.2020 19:28:02,9.37
10.12.2020 19:28:03,9.37
10.12.2020 19:28:04,9.37
10.12.2020 19:28:05,9.37
10.12.2020 19:28:06,9.37
10.12.2020 19:28:07,9.37
10.12.2020 19:28:08,9.37
10.12.2020 19:28:09,9.37
10.12.2020 19:28:10,9.37
10.12.2020 19:28:11,9.37
10.12.2020 19:28:12,9.37
10.12.2020 19:28:13,9.37
10.12.2020 19:28:14,9.37
10.12.2020 19:28:15,9.37
10.12.2020 19:28:16,9.37
10.12.2020 19:28:17,9.37
10.12.2020 19:28:18,9.37
10.12.2020 19:28:19,9.37
10.12.2020 19:28:20,9.37
10.12.2020 19:28:21,9.37
10.12.2020 19:28:22,9.37
10.12.2020 19:28:23,9.37
10.12.2020 19:28:24,9.37
10.12.2020 19:28:25,9.37
10.12.2020 19:28:26,9.37
10.12.2020 19:28:27,9.37
10.12.2020 19:28:28,9.37
10.12.2020 19:28:29,9.37
10.12.2020 19:28:30,9.37
10.12.2020 19:28:31,9.37
10.12.2020 19:28:32,9.37
10.12.2020 19:28:33,9.37
10.12.2020 19:28:34,9.37
10.12.2020 19:28:35,9.37
10.12.2020 19:28:36,9.37
10.12.2020 19:28:37,9.37
10.12.2020 19:28:38,9.37
10.12.2020 19:28:39,9.37
10.12.2020 19:28:40,9.37
10.12.2020 19:28:41,9.37
10.12.2020 19:28:42,9.37
10.12.2020 19:28:43,9.37
10.12.2020 19:28:44,9.37
10.12.2020 19:28:45,9.37
10.12.2020 19:28:46,9.37
10.12.2020 19:28:47,9.37
10.12.2020 19:28:48,9.37
10.12.2020 19:28:49,9.37
10.12.2020 19:28:50,9.37
10.12.2020 19:28:51,9.37
10.12.2020 19:28:52,9.37
10.12.2020 19:28:53,9.37
10.12.2020 19:28:54,9.37
10.12.2020 19:28:55,9.37
10.12.2020 19:28:56,9.37
10.12.2020 19:28:57,9.37
10.12.2020 19:28:58,9.37
10.12.2020 19:28:59,9.37
10.12.2020 19:29:00,9.37
10.12.2020 19:29:01,9.37
10.12.2020 19:29:02,9.37
10.12.2020 19:29:03,9.37
10.12.2020 19:29:04,9.37
10.12.2020 19:29:05,9.37
10.12.2020 19:29:06,9.37
10.12.2020 19:29:07,9.37
10.12.2020 19:29:08,9.37
10.12.2020 19:29:09,9.37
10.12.2020 19:29:10,9.37
10.12.2020 19:29:11,9.37
10.12.2020 19:29:12,9.37
10.12.2020 19:29:13,9.37
10.12.2020 19:29:14,9.37
10.12.2020 19:29:15,9.37
10.12.2020 19:29:16,9.37
10.12.2020 19:29:17,9.37
10.12.2020 19:29:18,9.37
10.12.2020 19:29:19,9.37
10.12.2020 19:29:20,9.37
10.12.2020 19:29:21,9.37
10.12.2020 19:29:22,9.37
10.12.2020 19:29:23,9.37
10.12.2020 19:29:24,9.37
10.12.2020 19:29:25,9.37
10.12.2020 19:29:26,9.37
10.12.2020 19:29:27,9.37
10.12.2020 19:29:28,9.37
10.12.2020 19:29:29,9.37
10.12.2020 19:29:30,9.37
10.12.2020 19:29:31,9.37
10.12.2020 19:29:32,9.37
10.12.2020 19:29:33,9.37
10.12.2020 19:29:34,9.37
10.12.2020 19:29:35,9.37
10.12.2020 19:29:36,9.37
10.12.2020 19:29:37,9.37
10.12.2020 19:29:38,9.37
10.12.2020 19:29:39,9.37
10.12.2020 19:29:40,9.37
10.12.2020 19:29:41,9.37
10.12.2020 19:29:42,9.37
10.12.2020 19:29:43,9.37
10.12.2020 19:29:44,9.37
10.12.2020 19:29:45,9.37
10.12.2020 19:29:46,9.37
10.12.2020 19:29:47,9.37
10.12.2020 19:29:48,9.37
10.12.2020 19:29:49,9.37
10.12.2020 19:29:50,9.37
10.12.2020 19:29:51,9.37
10.12.2020 19:29:52,9.37
10.12.2020 19:29:53,9.37
10.12.2020 19:29:54,9.37
10.12.2020 19:29:55,9.37
10.12.2020 19:29:56,9.37
10.12.2020 19:29:57,9.37
10.12.2020 19:29:58,9.37
10.12.2020 19:29:59,9.37
10.12.2020 19:30:00,9.37
10.12.2020 19:30:01,9.37
10.12.2020 19:30:02,9.37
10.12.2020 19:30:03,9.37
10.12.2020 19:30:04,9.37
10.12.2020 19:30:05,9.37
10.12.2020 19:30:06,9.37
10.12.2020 19:30:07,9.37
10.12.2020 19:30:08,9.37
10.12.2020 19:30:09,9.37
10.12.2020 19:30:10,9.37
10.12.2020 19:30:11,9.37
10.12.2020 19:30:12,9.37
10.12.2020 19:30:13,9.37
10.12.2020 19:30:14,9.37
10.12.2020 19:30:15,9.37
10.12.2020 19:30:16,9.37
10.12.2020 19:30:17,9.37
10.12.2020 19:30:18,9.37
10.12.2020 19:30:19,9.37
10.12.2020 19:30:20,9.37
10.12.2020 19:30:21,9.37
10.12.2020 19:30:22,9.37
10.12.2020 19:30:23,9.37
10.12.2020 19:30:24,9.37
10.12.2020 19:30:25,9.37
10.12.2020 19:30:26,9.37
10.12.2020 19:30:27,9.37
10.12.2020 19:30:28,9.37
10.12.2020 19:30:29,9.37
10.12.2020 19:30:30,9.37
10.12.2020 19:30:31,9.37
10.12.2020 19:30:32,9.37
10.12.2020 19:30:33,9.37
10.12.2020 19:30:34,9.37
10.12.2020 19:30:35,9.37
10.12.2020 19:30:36,9.37
10.12.2020 19:30:37,9.37
10.12.2020 19:30:38,9.37
10.12.2020 19:30:39,9.37
10.12.2020 19:30:40,9.37
10.12.2020 19:30:41,9.37
10.12.2020 19:30:42,9.37
10.12.2020 19:30:43,9.37
10.12.2020 19:30:44,9.37
10.12.2020 19:30:45,9.37
10.12.2020 19:30:46,9.37
10.12.2020 19:30:47,9.37
10.12.2020 19:30:48,9.37
10.12.2020 19:30:49,9.37
10.12.2020 19:30:50,9.37
10.12.2020 19:30:51,9.37
10.12.2020 19:30:52,9.37
10.12.2020 19:30:53,9.37
10.12.2020 19:30:54,9.37
10.12.2020 19:30:55,9.37
10.12.2020 19:30:56,9.37
10.12.2020 19:30:57,9.37
10.12.2020 19:30:58,9.37
10.12.2020 19:30:59,9.37
10.12.2020 19:31:00,9.37
10.12.2020 19:31:01,9.37
10.12.2020 19:31:02,9.37
10.12.2020 19:31:03,9.37
10.12.2020 19:31:04,9.37
10.12.2020 19:31:05,9.37
10.12.2020 19:31:06,9.37
10.12.2020 19:31:07,9.37
10.12.2020 19:31:08,9.37
10.12.2020 19:31:09,9.37
10.12.2020 19:31:10,9.37
10.12.2020 19:31:11,9.37
10.12.2020 19:31:12,9.37
10.12.2020 19:31:13,9.37
10.12.2020 19:31:14,9.37
10.12.2020 19:31:15,9.37
10.12.2020 19:31:16,9.37
10.12.2020 19:31:17,9.37
10.12.2020 19:31:18,9.37
10.12.2020 19:31:19,9.37
10.12.2020 19:31:20,9.37
10.12.2020 19:31:21,9.37
10.12.2020 19:31:22,9.37
10.12.2020 19:31:23,9.37
10.12.2020 19:31:24,9.37
10.12.2020 19:31:25,9.37
10.12.2020 19:31:26,9.37
10.12.2020 19:31:27,9.37
10.12.2020 19:31:28,9.37
10.12.2020 19:31:29,9.37
10.12.2020 19:31:30,9.37
10.12.2020 19:31:31,9.37
10.12.2020 19:31:32,9.37
10.12.2020 19:31:33,9.37
10.12.2020 19:31:34,9.37
10.12.2020 19:31:35,9.37
10.12.2020 19:31:36,9.37
10.12.2020 19:31:37,9.37
10.12.2020 19:31:38,9.37
10.12.2020 19:31:39,9.37
10.12.2020 19:31:40,9.37
10.12.2020 19:31:41,9.37
10.12.2020 19:31:42,9.37
10.12.2020 19:31:43,9.37
10.12.2020 19:31:44,9.37
10.12.2020 19:31:45,9.37
10.12.2020 19:31:46,9.37
10.12.2020 19:31:47,9.37
10.12.2020 19:31:48,9.37
10.12.2020 19:31:49,9.37
10.12.2020 19:31:50,9.37
10.12.2020 19:31:51,9.37
10.12.2020 19:31:52,9.37
10.12.2020 19:31:53,9.37
10.12.2020 19:31:54,9.37
10.12.2020 19:31:55,9.37
10.12.2020 19:31:56,9.37
10.12.2020 19:31:57,9.37
10.12.2020 19:31:58,9.37
10.12.2020 19:31:59,9.37
10.12.2020 19:32:00,9.37
10.12.2020 19:32:01,9.37
10.12.2020 19:32:02,9.37
10.12.2020 19:32:03,9.37
10.12.2020 19:32:04,9.37
10.12.2020 19:32:05,9.37
10.12.2020 19:32:06,9.37
10.12.2020 19:32:07,9.37
10.12.2020 19:32:08,9.37
10.12.2020 19:32:09,9.37
10.12.2020 19:32:10,9.37
10.12.2020 19:32:11,9.37
10.12.2020 19:32:12,9.37
10.12.2020 19:32:13,9.37
10.12.2020 19:32:14,9.37
10.12.2020 19:32:15,9.37
10.12.2020 19:32:16,9.37
10.12.2020 19:32:17,9.37
10.12.2020 19:32:18,9.37
10.12.2020 19:32:19,9.37
10.12.2020 19:32:20,9.37
10.12.2020 19:32:21,9.37
10.12.2020 19:32:22,9.37
10.12.2020 19:32:23,9.37
10.12.2020 19:32:24,9.37
10.12.2020 19:32:25,9.37
10.12.2020 19:32:26,9.37
10.12.2020 19:32:27,9.37
10.12.2020 19:32:28,9.37
10.12.2020 19:32:29,9.37
10.12.2020 19:32:30,9.37
10.12.2020 19:32:31,9.37
10.12.2020 19:32:32,9.37
10.12.2020 19:32:33,9.37
10.12.2020 19:32:34,9.37
10.12.2020 19:32:35,9.37
10.12.2020 19:32:36,9.37
10.12.2020 19:32:37,9.37
10.12.2020 19:32:38,9.37
10.12.2020 19:32:39,9.37
10.12.2020 19:32:40,9.37
10.12.2020 19:32:41,9.37
10.12.2020 19:32:42,9.37
10.12.2020 19:32:43,9.37
10.12.2020 19:32:44,9.37
10.12.2020 19:32:45,9.37
10.12.2020 19:32:46,9.37
10.12.2020 19:32:47,9.37
10.12.2020 19:32:48,9.37
10.12.2020 19:32:49,9.37
10.12.2020 19:32:50,9.37
10.12.2020 19:32:51,9.37
10.12.2020 19:32:52,9.37
10.12.2020 19:32:53,9.37
10.12.2020 19:32:54,9.37
10.12.2020 19:32:55,9.37
10.12.2020 19:32:56,9.37
10.12.2020 19:32:57,9.37
10.12.2020 19:32:58,9.37
10.12.2020 19:32:59,9.37
10.12.2020 19:33:00,9.37
10.12.2020 19:33:01,9.37
10.12.2020 19:33:02,9.37
10.12.2020 19:33:03,9.37
10.12.2020 19:33:04,9.37
10.12.2020 19:33:05,9.37
10.12.2020 19:33:06,9.37
10.12.2020 19:33:07,9.37
10.12.2020 19:33:08,9.37
10.12.2020 19:33:09,9.37
10.12.2020 19:33:10,9.37
10.12.2020 19:33:11,9.37
10.12.2020 19:33:12,9.37
10.12.2020 19:33:13,9.37
10.12.2020 19:33:14,9.37
10.12.2020 19:33:15,9.37
10.12.2020 19:33:16,9.37
10.12.2020 19:33:17,9.37
10.12.2020 19:33:18,9.37
10.12.2020 19:33:19,9.37
10.12.2020 19:33:20,9.37
10.12.2020 19:33:21,9.37
10.12.2020 19:33:22,9.37
10.12.2020 19:33:23,9.37
10.12.2020 19:33:24,9.37
10.12.2020 19:33:25,9.37
10.12.2020 19:33:26,9.37
10.12.2020 19:33:27,9.37
10.12.2020 19:33:28,9.37
10.12.2020 19:33:29,9.37
10.12.2020 19:33:30,9.37
10.12.2020 19:33:31,9.37
10.12.2020 19:33:32,9.37
10.12.2020 19:33:33,9.37
10.12.2020 19:33:34,9.37
10.12.2020 19:33:35,9.37
10.12.2020 19:33:36,9.37
10.12.2020 19:33:37,9.37
10.12.2020 19:33:38,9.37
10.12.2020 19:33:39,9.37
10.12.2020 19:33:40,9.37
10.12.2020 19:33:41,9.37
10.12.2020 19:33:42,9.37
10.12.2020 19:33:43,9.37
10.12.2020 19:33:44,9.37
10.12.2020 19:33:45,9.37
10.12.2020 19:33:46,9.37
10.12.2020 19:33:47,9.37
10.12.2020 19:33:48,9.37
10.12.2020 19:33:49,9.37
10.12.2020 19:33:50,9.37
10.12.2020 19:33:51,9.37
10.12.2020 19:33:52,9.37
10.12.2020 19:33:53,9.37
10.12.2020 19:33:54,9.37
10.12.2020 19:33:55,9.37
10.12.2020 19:33:56,9.37
10.12.2020 19:33:57,9.37
10.12.2020 19:33:58,9.37
10.12.2020 19:33:59,9.37
10.12.2020 19:34:00,9.37
10.12.2020 19:34:01,9.37
10.12.2020 19:34:02,9.37
10.12.2020 19:34:03,9.37
10.12.2020 19:34:04,9.37
10.12.2020 19:34:05,9.37
10.12.2020 19:34:06,9.37
10.12.2020 19:34:07,9.37
10.12.2020 19:34:08,9.37
10.12.2020 19:34:09,8.88
10.12.2020 19:34:10,8.88
10.12.2020 19:34:11,8.88
10.12.2020 19:34:12,8.88
10.12.2020 19:34:13,8.88
10.12.2020 19:34:14,8.88
10.12.2020 19:34:15,8.88
10.12.2020 19:34:16,8.88
10.12.2020 19:34:17,8.88
10.12.2020 19:34:18,8.88
10.12.2020 19:34:19,8.88
10.12.2020 19:34:20,8.88
10.12.2020 19:34:21,8.88
10.12.2020 19:34:22,8.88
10.12.2020 19:34:23,8.88
10.12.2020 19:34:24,8.88
10.12.2020 19:34:25,8.88
10.12.2020 19:34:26,8.88
10.12.2020 19:34:27,8.88
10.12.2020 19:34:28,8.88
10.12.2020 19:34:29,8.88
10.12.2020 19:34:30,8.88
10.12.2020 19:34:31,8.88
10.12.2020 19:34:32,8.88
10.12.2020 19:34:33,8.88
10.12.2020 19:34:34,8.88
10.12.2020 19:34:35,8.88
10.12.2020 19:34:36,8.88
10.12.2020 19:34:37,8.88
10.12.2020 19:34:38,8.88
10.12.2020 19:34:39,8.88
10.12.2020 19:34:40,8.88
10.12.2020 19:34:41,8.88
10.12.2020 19:34:42,8.88
10.12.2020 19:34:43,8.88
10.12.2020 19:34:44,8.88
10.12.2020 19:34:45,8.88
10.12.2020 19:34:46,8.88
10.12.2020 19:34:47,8.88
10.12.2020 19:34:48,8.88
10.12.2020 19:34:49,8.88
10.12.2020 19:34:50,8.88
10.12.2020 19:34:51,8.88
10.12.2020 19:34:52,8.88
10.12.2020 19:34:53,8.88
10.12.2020 19:34:54,8.88
10.12.2020 19:34:55,8.88
10.12.2020 19:34:56,8.88
10.12.2020 19:34:57,8.88
10.12.2020 19:34:58,8.88
10.12.2020 19:34:59,8.88
10.12.2020 19:35:00,8.88
10.12.2020 19:35:01,8.88
10.12.2020 19:35:02,8.88
10.12.2020 19:35:03,8.88
10.12.2020 19:35:04,8.88
10.12.2020 19:35:05,8.88
10.12.2020 19:35:06,8.88
10.12.2020 19:35:07,8.88
10.12.2020 19:35:08,8.88
10.12.2020 19:35:09,8.88
10.12.2020 19:35:10,8.88
10.12.2020 19:35:11,8.88
10.12.2020 19:35:12,8.88
10.12.2020 19:35:13,8.88
10.12.2020 19:35:14,8.88
10.12.2020 19:35:15,8.88
10.12.2020 19:35:16,8.88
10.12.2020 19:35:17,8.88
10.12.2020 19:35:18,8.88
10.12.2020 19:35:19,8.88
10.12.2020 19:35:20,8.88
10.12.2020 19:35:21,8.88
10.12.2020 19:35:22,8.88
10.12.2020 19:35:23,8.88
10.12.2020 19:35:24,8.88
10.12.2020 19:35:25,8.88
10.12.2020 19:35:26,8.88
10.12.2020 19:35:27,8.88
10.12.2020 19:35:28,8.88
10.12.2020 19:35:29,8.88
10.12.2020 19:35:30,8.88
10.12.2020 19:35:31,8.88
10.12.2020 19:35:32,8.88
10.12.2020 19:35:33,8.88
10.12.2020 19:35:34,8.88
10.12.2020 19:35:35,8.88
10.12.2020 19:35:36,8.88
10.12.2020 19:35:37,8.88
10.12.2020 19:35:38,8.88
10.12.2020 19:35:39,8.88
10.12.2020 19:35:40,8.88
10.12.2020 19:35:41,8.88
10.12.2020 19:35:42,8.88
10.12.2020 19:35:43,8.88
10.12.2020 19:35:44,8.88
10.12.2020 19:35:45,8.88
10.12.2020 19:35:46,8.88
10.12.2020 19:35:47,8.88
10.12.2020 19:35:48,8.88
10.12.2020 19:35:49,8.88
10.12.2020 19:35:50,8.88
10.12.2020 19:35:51,8.88
10.12.2020 19:35:52,8.88
10.12.2020 19:35:53,8.88
10.12.2020 19:35:54,8.88
10.12.2020 19:35:55,8.88
10.12.2020 19:35:56,8.88
10.12.2020 19:35:57,8.88
10.12.2020 19:35:58,8.88
10.12.2020 19:35:59,8.88
10.12.2020 19:36:00,8.88
10.12.2020 19:36:01,8.88
10.12.2020 19:36:02,8.88
10.12.2020 19:36:03,8.88
10.12.2020 19:36:04,8.88
10.12.2020 19:36:05,8.88
10.12.2020 19:36:06,8.88
10.12.2020 19:36:07,8.88
10.12.2020 19:36:08,8.88
10.12.2020 19:36:09,8.88
10.12.2020 19:36:10,8.88
10.12.2020 19:36:11,8.88
10.12.2020 19:36:12,8.88
10.12.2020 19:36:13,8.88
10.12.2020 19:36:14,8.88
10.12.2020 19:36:15,8.88
10.12.2020 19:36:16,8.88
10.12.2020 19:36:17,8.88
10.12.2020 19:36:18,8.88
10.12.2020 19:36:19,8.88
10.12.2020 19:36:20,8.88
10.12.2020 19:36:21,8.88
10.12.2020 19:36:22,8.88
10.12.2020 19:36:23,8.88
10.12.2020 19:36:24,8.88
10.12.2020 19:36:25,8.88
10.12.2020 19:36:26,8.88
10.12.2020 19:36:27,8.88
10.12.2020 19:36:28,8.88
10.12.2020 19:36:29,8.88
10.12.2020 19:36:30,8.88
10.12.2020 19:36:31,8.88
10.12.2020 19:36:32,8.88
10.12.2020 19:36:33,8.88
10.12.2020 19:36:34,8.88
10.12.2020 19:36:35,8.88
10.12.2020 19:36:36,8.88
10.12.2020 19:36:37,8.88
10.12.2020 19:36:38,8.88
10.12.2020 19:36:39,8.88
10.12.2020 19:36:40,8.88
10.12.2020 19:36:41,8.88
10.12.2020 19:36:42,8.88
10.12.2020 19:36:43,8.88
10.12.2020 19:36:44,8.88
10.12.2020 19:36:45,8.88
10.12.2020 19:36:46,8.88
10.12.2020 19:36:47,8.88
10.12.2020 19:36:48,8.88
10.12.2020 19:36:49,8.88
10.12.2020 19:36:50,8.88
10.12.2020 19:36:51,8.88
10.12.2020 19:36:52,8.88
10.12.2020 19:36:53,8.88
10.12.2020 19:36:54,8.88
10.12.2020 19:36:55,8.88
10.12.2020 19:36:56,8.88
10.12.2020 19:36:57,8.88
10.12.2020 19:36:58,8.88
10.12.2020 19:36:59,8.88
10.12.2020 19:37:00,8.88
10.12.2020 19:37:01,8.88
10.12.2020 19:37:02,8.88
10.12.2020 19:37:03,8.88
10.12.2020 19:37:04,8.88
10.12.2020 19:37:05,8.88
10.12.2020 19:37:06,8.88
10.12.2020 19:37:07,8.88
10.12.2020 19:37:08,8.88
10.12.2020 19:37:09,8.88
10.12.2020 19:37:10,8.88
10.12.2020 19:37:11,8.88
10.12.2020 19:37:12,8.88
10.12.2020 19:37:13,8.88
10.12.2020 19:37:14,8.88
10.12.2020 19:37:15,8.88
10.12.2020 19:37:16,8.88
10.12.2020 19:37:17,8.88
10.12.2020 19:37:18,8.88
10.12.2020 19:37:19,8.88
10.12.2020 19:37:20,8.88
10.12.2020 19:37:21,8.88
10.12.2020 19:37:22,8.88
10.12.2020 19:37:23,8.88
10.12.2020 19:37:24,8.88
10.12.2020 19:37:25,8.88
10.12.2020 19:37:26,8.88
10.12.2020 19:37:27,8.88
10.12.2020 19:37:28,8.88
10.12.2020 19:37:29,8.88
10.12.2020 19:37:30,8.88
10.12.2020 19:37:31,8.88
10.12.2020 19:37:32,8.88
10.12.2020 19:37:33,8.88
10.12.2020 19:37:34,8.88
10.12.2020 19:37:35,8.88
10.12.2020 19:37:36,8.88
10.12.2020 19:37:37,8.88
10.12.2020 19:37:38,8.88
10.12.2020 19:37:39,8.88
10.12.2020 19:37:40,8.88
10.12.2020 19:37:41,8.88
10.12.2020 19:37:42,8.88
10.12.2020 19:37:43,8.88
10.12.2020 19:37:44,8.88
10.12.2020 19:37:45,8.88
10.12.2020 19:37:46,8.88
10.12.2020 19:37:47,8.88
10.12.2020 19:37:48,8.88
10.12.2020 19:37:49,8.88
10.12.2020 19:37:50,8.88
10.12.2020 19:37:51,8.88
10.12.2020 19:37:52,8.88
10.12.2020 19:37:53,8.88
10.12.2020 19:37:54,8.88
10.12.2020 19:37:55,8.88
10.12.2020 19:37:56,8.88
10.12.2020 19:37:57,8.88
10.12.2020 19:37:58,8.88
10.12.2020 19:37:59,8.88
10.12.2020 19:38:00,8.88
10.12.2020 19:38:01,8.88
10.12.2020 19:38:02,8.88
10.12.2020 19:38:03,8.88
10.12.2020 19:38:04,8.88
10.12.2020 19:38:05,8.88
10.12.2020 19:38:06,8.88
10.12.2020 19:38:07,8.88
10.12.2020 19:38:08,8.88
10.12.2020 19:38:09,8.88
10.12.2020 19:38:10,8.88
10.12.2020 19:38:11,8.88
10.12.2020 19:38:12,8.88
10.12.2020 19:38:13,8.88
10.12.2020 19:38:14,8.88
10.12.2020 19:38:15,8.88
10.12.2020 19:38:16,8.88
10.12.2020 19:38:17,8.88
10.12.2020 19:38:18,8.88
10.12.2020 19:38:19,8.88
10.12.2020 19:38:20,8.88
10.12.2020 19:38:21,8.88
10.12.2020 19:38:22,8.88
10.12.2020 19:38:23,8.88
10.12.2020 19:38:24,8.88
10.12.2020 19:38:25,8.88
10.12.2020 19:38:26,8.88
10.12.2020 19:38:27,8.88
10.12.2020 19:38:28,8.88
10.12.2020 19:38:29,8.88
10.12.2020 19:38:30,8.88
10.12.2020 19:38:31,8.88
10.12.2020 19:38:32,8.88
10.12.2020 19:38:33,8.88
10.12.2020 19:38:34,8.88
10.12.2020 19:38:35,8.88
10.12.2020 19:38:36,8.88
10.12.2020 19:38:37,8.88
10.12.2020 19:38:38,8.88
10.12.2020 19:38:39,8.88
10.12.2020 19:38:40,8.88
10.12.2020 19:38:41,8.88
10.12.2020 19:38:42,8.88
10.12.2020 19:38:43,8.88
10.12.2020 19:38:44,8.88
10.12.2020 19:38:45,8.88
10.12.2020 19:38:46,8.88
10.12.2020 19:38:47,8.88
10.12.2020 19:38:48,8.88
10.12.2020 19:38:49,8.88
10.12.2020 19:38:50,8.88
10.12.2020 19:38:51,8.88
10.12.2020 19:38:52,8.88
10.12.2020 19:38:53,8.88
10.12.2020 19:38:54,8.88
10.12.2020 19:38:55,8.88
10.12.2020 19:38:56,8.88
10.12.2020 19:38:57,8.88
10.12.2020 19:38:58,8.88
10.12.2020 19:38:59,8.88
10.12.2020 19:39:00,8.88
10.12.2020 19:39:01,8.88
10.12.2020 19:39:02,8.88
10.12.2020 19:39:03,8.88
10.12.2020 19:39:04,8.88
10.12.2020 19:39:05,8.88
10.12.2020 19:39:06,8.88
10.12.2020 19:39:07,8.88
10.12.2020 19:39:08,8.88
10.12.2020 19:39:09,8.88
10.12.2020 19:39:10,8.88
10.12.2020 19:39:11,8.88
10.12.2020 19:39:12,8.88
10.12.2020 19:39:13,8.88
10.12.2020 19:39:14,8.88
10.12.2020 19:39:15,8.88
10.12.2020 19:39:16,8.88
10.12.2020 19:39:17,8.88
10.12.2020 19:39:18,8.88
10.12.2020 19:39:19,8.88
10.12.2020 19:39:20,8.88
10.12.2020 19:39:21,8.88
10.12.2020 19:39:22,8.88
10.12.2020 19:39:23,8.88
10.12.2020 19:39:24,8.88
10.12.2020 19:39:25,8.88
10.12.2020 19:39:26,8.88
10.12.2020 19:39:27,8.88
10.12.2020 19:39:28,8.88
10.12.2020 19:39:29,8.88
10.12.2020 19:39:30,8.88
10.12.2020 19:39:31,8.88
10.12.2020 19:39:32,8.88
10.12.2020 19:39:33,8.88
10.12.2020 19:39:34,8.88
10.12.2020 19:39:35,8.88
10.12.2020 19:39:36,8.88
10.12.2020 19:39:37,8.88
10.12.2020 19:39:38,8.88
10.12.2020 19:39:39,8.88
10.12.2020 19:39:40,8.88
10.12.2020 19:39:41,8.88
10.12.2020 19:39:42,8.88
10.12.2020 19:39:43,8.88
10.12.2020 19:39:44,8.88
10.12.2020 19:39:45,8.88
10.12.2020 19:39:46,8.88
10.12.2020 19:39:47,8.88
10.12.2020 19:39:48,8.88
10.12.2020 19:39:49,8.88
10.12.2020 19:39:50,8.88
10.12.2020 19:39:51,8.88
10.12.2020 19:39:52,8.88
10.12.2020 19:39:53,8.88
10.12.2020 19:39:54,8.88
10.12.2020 19:39:55,8.88
10.12.2020 19:39:56,8.88
10.12.2020 19:39:57,8.88
10.12.2020 19:39:58,8.88
10.12.2020 19:39:59,8.88
10.12.2020 19:40:00,8.88
10.12.2020 19:40:01,8.88
10.12.2020 19:40:02,8.88
10.12.2020 19:40:03,8.88
10.12.2020 19:40:04,8.88
10.12.2020 19:40:05,8.88
10.12.2020 19:40:06,8.88
10.12.2020 19:40:07,8.88
10.12.2020 19:40:08,8.88
10.12.2020 19:40:09,8.88
10.12.2020 19:40:10,8.88
10.12.2020 19:40:11,8.88
10.12.2020 19:40:12,8.88
10.12.2020 19:40:13,8.88
10.12.2020 19:40:14,8.88
10.12.2020 19:40:15,8.88
10.12.2020 19:40:16,8.88
10.12.2020 19:40:17,8.88
10.12.2020 19:40:18,8.88
10.12.2020 19:40:19,8.88
10.12.2020 19:40:20,8.88
10.12.2020 19:40:21,8.88
10.12.2020 19:40:22,8.88
10.12.2020 19:40:23,8.88
10.12.2020 19:40:24,8.88
10.12.2020 19:40:25,8.88
10.12.2020 19:40:26,8.88
10.12.2020 19:40:27,8.88
10.12.2020 19:40:28,8.88
10.12.2020 19:40:29,8.88
10.12.2020 19:40:30,8.88
10.12.2020 19:40:31,8.88
10.12.2020 19:40:32,8.88
10.12.2020 19:40:33,8.88
10.12.2020 19:40:34,8.88
10.12.2020 19:40:35,8.88
10.12.2020 19:40:36,8.88
10.12.2020 19:40:37,8.88
10.12.2020 19:40:38,8.88
10.12.2020 19:40:39,8.88
10.12.2020 19:40:40,8.88
10.12.2020 19:40:41,8.88
10.12.2020 19:40:42,8.88
10.12.2020 19:40:43,8.88
10.12.2020 19:40:44,8.88
10.12.2020 19:40:45,8.88
10.12.2020 19:40:46,8.88
10.12.2020 19:40:47,8.88
10.12.2020 19:40:48,8.88
10.12.2020 19:40:49,8.88
10.12.2020 19:40:50,8.88
10.12.2020 19:40:51,8.88
10.12.2020 19:40:52,8.88
10.12.2020 19:40:53,8.88
10.12.2020 19:40:54,8.88
10.12.2020 19:40:55,8.88
10.12.2020 19:40:56,8.88
10.12.2020 19:40:57,8.88
10.12.2020 19:40:58,8.88
10.12.2020 19:40:59,8.88
10.12.2020 19:41:00,8.88
10.12.2020 19:41:01,8.88
10.12.2020 19:41:02,8.88
10.12.2020 19:41:03,8.88
10.12.2020 19:41:04,8.88
10.12.2020 19:41:05,8.88
10.12.2020 19:41:06,8.88
10.12.2020 19:41:07,8.88
10.12.2020 19:41:08,8.88
10.12.2020 19:41:09,8.88
10.12.2020 19:41:10,8.88
10.12.2020 19:41:11,8.88
10.12.2020 19:41:12,8.88
10.12.2020 19:41:13,8.88
10.12.2020 19:41:14,8.88
10.12.2020 19:41:15,8.88
10.12.2020 19:41:16,8.88
10.12.2020 19:41:17,8.88
10.12.2020 19:41:18,8.88
10.12.2020 19:41:19,8.88
10.12.2020 19:41:20,8.88
10.12.2020 19:41:21,8.88
10.12.2020 19:41:22,8.88
10.12.2020 19:41:23,8.88
10.12.2020 19:41:24,8.88
10.12.2020 19:41:25,8.88
10.12.2020 19:41:26,8.88
10.12.2020 19:41:27,8.88
10.12.2020 19:41:28,8.88
10.12.2020 19:41:29,8.88
10.12.2020 19:41:30,8.88
10.12.2020 19:41:31,8.88
10.12.2020 19:41:32,8.88
10.12.2020 19:41:33,8.88
10.12.2020 19:41:34,8.88
10.12.2020 19:41:35,8.88
10.12.2020 19:41:36,8.88
10.12.2020 19:41:37,8.88
10.12.2020 19:41:38,8.88
10.12.2020 19:41:39,8.88
10.12.2020 19:41:40,8.88
10.12.2020 19:41:41,8.88
10.12.2020 19:41:42,8.88
10.12.2020 19:41:43,8.88
10.12.2020 19:41:44,8.88
10.12.2020 19:41:45,8.88
10.12.2020 19:41:46,8.88
10.12.2020 19:41:47,8.88
10.12.2020 19:41:48,8.88
10.12.2020 19:41:49,8.88
10.12.2020 19:41:50,8.88
10.12.2020 19:41:51,8.88
10.12.2020 19:41:52,8.88
10.12.2020 19:41:53,8.88
10.12.2020 19:41:54,8.88
10.12.2020 19:41:55,8.88
10.12.2020 19:41:56,8.88
10.12.2020 19:41:57,8.88
10.12.2020 19:41:58,8.88
10.12.2020 19:41:59,8.88
10.12.2020 19:42:00,8.88
10.12.2020 19:42:01,8.88
10.12.2020 19:42:02,8.88
10.12.2020 19:42:03,8.88
10.12.2020 19:42:04,8.88
10.12.2020 19:42:05,8.88
10.12.2020 19:42:06,8.88
10.12.2020 19:42:07,8.88
10.12.2020 19:42:08,8.88
10.12.2020 19:42:09,8.88
10.12.2020 19:42:10,8.88
10.12.2020 19:42:11,8.88
10.12.2020 19:42:12,8.88
10.12.2020 19:42:13,8.88
10.12.2020 19:42:14,8.88
10.12.2020 19:42:15,8.88
10.12.2020 19:42:16,8.88
10.12.2020 19:42:17,8.88
10.12.2020 19:42:18,8.88
10.12.2020 19:42:19,8.88
10.12.2020 19:42:20,8.88
10.12.2020 19:42:21,8.88
10.12.2020 19:42:22,8.88
10.12.2020 19:42:23,8.88
10.12.2020 19:42:24,8.88
10.12.2020 19:42:25,8.88
10.12.2020 19:42:26,8.88
10.12.2020 19:42:27,8.88
10.12.2020 19:42:28,8.88
10.12.2020 19:42:29,8.88
10.12.2020 19:42:30,8.88
10.12.2020 19:42:31,8.88
10.12.2020 19:42:32,8.88
10.12.2020 19:42:33,8.88
10.12.2020 19:42:34,8.88
10.12.2020 19:42:35,8.88
10.12.2020 19:42:36,8.88
10.12.2020 19:42:37,8.88
10.12.2020 19:42:38,8.88
10.12.2020 19:42:39,8.88
10.12.2020 19:42:40,8.88
10.12.2020 19:42:41,8.88
10.12.2020 19:42:42,8.88
10.12.2020 19:42:43,8.88
10.12.2020 19:42:44,8.88
10.12.2020 19:42:45,8.88
10.12.2020 19:42:46,8.88
10.12.2020 19:42:47,8.88
10.12.2020 19:42:48,8.88
10.12.2020 19:42:49,8.88
10.12.2020 19:42:50,8.88
10.12.2020 19:42:51,8.88
10.12.2020 19:42:52,8.88
10.12.2020 19:42:53,8.88
10.12.2020 19:42:54,8.88
10.12.2020 19:42:55,8.88
10.12.2020 19:42:56,8.88
10.12.2020 19:42:57,8.88
10.12.2020 19:42:58,8.88
10.12.2020 19:42:59,8.88
10.12.2020 19:43:00,8.88
10.12.2020 19:43:01,8.88
10.12.2020 19:43:02,8.88
10.12.2020 19:43:03,8.88
10.12.2020 19:43:04,8.88
10.12.2020 19:43:05,8.88
10.12.2020 19:43:06,8.88
10.12.2020 19:43:07,8.88
10.12.2020 19:43:08,8.88
10.12.2020 19:43:09,8.88
10.12.2020 19:43:10,8.88
10.12.2020 19:43:11,8.88
10.12.2020 19:43:12,8.88
10.12.2020 19:43:13,8.88
10.12.2020 19:43:14,8.88
10.12.2020 19:43:15,8.88
10.12.2020 19:43:16,8.88
10.12.2020 19:43:17,8.88
10.12.2020 19:43:18,8.88
10.12.2020 19:43:19,8.88
10.12.2020 19:43:20,8.88
10.12.2020 19:43:21,8.88
10.12.2020 19:43:22,8.88
10.12.2020 19:43:23,8.88
10.12.2020 19:43:24,8.88
10.12.2020 19:43:25,8.88
10.12.2020 19:43:26,8.88
10.12.2020 19:43:27,8.88
10.12.2020 19:43:28,8.88
10.12.2020 19:43:29,8.88
10.12.2020 19:43:30,8.88
10.12.2020 19:43:31,8.88
10.12.2020 19:43:32,8.88
10.12.2020 19:43:33,8.88
10.12.2020 19:43:34,8.88
10.12.2020 19:43:35,8.88
10.12.2020 19:43:36,8.88
10.12.2020 19:43:37,8.88
10.12.2020 19:43:38,8.88
10.12.2020 19:43:39,8.88
10.12.2020 19:43:40,8.88
10.12.2020 19:43:41,8.88
10.12.2020 19:43:42,8.88
10.12.2020 19:43:43,8.88
10.12.2020 19:43:44,8.88
10.12.2020 19:43:45,8.88
10.12.2020 19:43:46,8.88
10.12.2020 19:43:47,8.88
10.12.2020 19:43:48,8.88
10.12.2020 19:43:49,8.88
10.12.2020 19:43:50,8.88
10.12.2020 19:43:51,8.88
10.12.2020 19:43:52,8.88
10.12.2020 19:43:53,8.88
10.12.2020 19:43:54,8.88
10.12.2020 19:43:55,8.88
10.12.2020 19:43:56,8.88
10.12.2020 19:43:57,8.88
10.12.2020 19:43:58,8.88
10.12.2020 19:43:59,8.88
10.12.2020 19:44:00,8.88
10.12.2020 19:44:01,8.88
10.12.2020 19:44:02,8.88
10.12.2020 19:44:03,8.88
10.12.2020 19:44:04,8.88
10.12.2020 19:44:05,8.88
10.12.2020 19:44:06,8.88
10.12.2020 19:44:07,8.88
10.12.2020 19:44:08,8.88
10.12.2020 19:44:09,8.78
10.12.2020 19:44:10,8.78
10.12.2020 19:44:11,8.78
10.12.2020 19:44:12,8.78
10.12.2020 19:44:13,8.78
10.12.2020 19:44:14,8.78
10.12.2020 19:44:15,8.78
10.12.2020 19:44:16,8.78
10.12.2020 19:44:17,8.78
10.12.2020 19:44:18,8.78
10.12.2020 19:44:19,8.78
10.12.2020 19:44:20,8.78
10.12.2020 19:44:21,8.78
10.12.2020 19:44:22,8.78
10.12.2020 19:44:23,8.78
10.12.2020 19:44:24,8.78
10.12.2020 19:44:25,8.78
10.12.2020 19:44:26,8.78
10.12.2020 19:44:27,8.78
10.12.2020 19:44:28,8.78
10.12.2020 19:44:29,8.78
10.12.2020 19:44:30,8.78
10.12.2020 19:44:31,8.78
10.12.2020 19:44:32,8.78
10.12.2020 19:44:33,8.78
10.12.2020 19:44:34,8.78
10.12.2020 19:44:35,8.78
10.12.2020 19:44:36,8.78
10.12.2020 19:44:37,8.78
10.12.2020 19:44:38,8.78
10.12.2020 19:44:39,8.78
10.12.2020 19:44:40,8.78
10.12.2020 19:44:41,8.78
10.12.2020 19:44:42,8.78
10.12.2020 19:44:43,8.78
10.12.2020 19:44:44,8.78
10.12.2020 19:44:45,8.78
10.12.2020 19:44:46,8.78
10.12.2020 19:44:47,8.78
10.12.2020 19:44:48,8.78
10.12.2020 19:44:49,8.78
10.12.2020 19:44:50,8.78
10.12.2020 19:44:51,8.78
10.12.2020 19:44:52,8.78
10.12.2020 19:44:53,8.78
10.12.2020 19:44:54,8.78
10.12.2020 19:44:55,8.78
10.12.2020 19:44:56,8.78
10.12.2020 19:44:57,8.78
10.12.2020 19:44:58,8.78
10.12.2020 19:44:59,8.78
10.12.2020 19:45:00,8.78
10.12.2020 19:45:01,8.78
10.12.2020 19:45:02,8.78
10.12.2020 19:45:03,8.78
10.12.2020 19:45:04,8.78
10.12.2020 19:45:05,8.78
10.12.2020 19:45:06,8.78
10.12.2020 19:45:07,8.78
10.12.2020 19:45:08,8.78
10.12.2020 19:45:09,8.78
10.12.2020 19:45:10,8.78
10.12.2020 19:45:11,8.78
10.12.2020 19:45:12,8.78
10.12.2020 19:45:13,8.78
10.12.2020 19:45:14,8.78
10.12.2020 19:45:15,8.78
10.12.2020 19:45:16,8.78
10.12.2020 19:45:17,8.78
10.12.2020 19:45:18,8.78
10.12.2020 19:45:19,8.78
10.12.2020 19:45:20,8.78
10.12.2020 19:45:21,8.78
10.12.2020 19:45:22,8.78
10.12.2020 19:45:23,8.78
10.12.2020 19:45:24,8.78
10.12.2020 19:45:25,8.78
10.12.2020 19:45:26,8.78
10.12.2020 19:45:27,8.78
10.12.2020 19:45:28,8.78
10.12.2020 19:45:29,8.78
10.12.2020 19:45:30,8.78
10.12.2020 19:45:31,8.78
10.12.2020 19:45:32,8.78
10.12.2020 19:45:33,8.78
10.12.2020 19:45:34,8.78
10.12.2020 19:45:35,8.78
10.12.2020 19:45:36,8.78
10.12.2020 19:45:37,8.78
10.12.2020 19:45:38,8.78
10.12.2020 19:45:39,8.78
10.12.2020 19:45:40,8.78
10.12.2020 19:45:41,8.78
10.12.2020 19:45:42,8.78
10.12.2020 19:45:43,8.78
10.12.2020 19:45:44,8.78
10.12.2020 19:45:45,8.78
10.12.2020 19:45:46,8.78
10.12.2020 19:45:47,8.78
10.12.2020 19:45:48,8.78
10.12.2020 19:45:49,8.78
10.12.2020 19:45:50,8.78
10.12.2020 19:45:51,8.78
10.12.2020 19:45:52,8.78
10.12.2020 19:45:53,8.78
10.12.2020 19:45:54,8.78
10.12.2020 19:45:55,8.78
10.12.2020 19:45:56,8.78
10.12.2020 19:45:57,8.78
10.12.2020 19:45:58,8.78
10.12.2020 19:45:59,8.78
10.12.2020 19:46:00,8.78
10.12.2020 19:46:01,8.78
10.12.2020 19:46:02,8.78
10.12.2020 19:46:03,8.78
10.12.2020 19:46:04,8.78
10.12.2020 19:46:05,8.78
10.12.2020 19:46:06,8.78
10.12.2020 19:46:07,8.78
10.12.2020 19:46:08,8.78
10.12.2020 19:46:09,8.78
10.12.2020 19:46:10,8.78
10.12.2020 19:46:11,8.78
10.12.2020 19:46:12,8.78
10.12.2020 19:46:13,8.78
10.12.2020 19:46:14,8.78
10.12.2020 19:46:15,8.78
10.12.2020 19:46:16,8.78
10.12.2020 19:46:17,8.78
10.12.2020 19:46:18,8.78
10.12.2020 19:46:19,8.78
10.12.2020 19:46:20,8.78
10.12.2020 19:46:21,8.78
10.12.2020 19:46:22,8.78
10.12.2020 19:46:23,8.78
10.12.2020 19:46:24,8.78
10.12.2020 19:46:25,8.78
10.12.2020 19:46:26,8.78
10.12.2020 19:46:27,8.78
10.12.2020 19:46:28,8.78
10.12.2020 19:46:29,8.78
10.12.2020 19:46:30,8.78
10.12.2020 19:46:31,8.78
10.12.2020 19:46:32,8.78
10.12.2020 19:46:33,8.78
10.12.2020 19:46:34,8.78
10.12.2020 19:46:35,8.78
10.12.2020 19:46:36,8.78
10.12.2020 19:46:37,8.78
10.12.2020 19:46:38,8.78
10.12.2020 19:46:39,8.78
10.12.2020 19:46:40,8.78
10.12.2020 19:46:41,8.78
10.12.2020 19:46:42,8.78
10.12.2020 19:46:43,8.78
10.12.2020 19:46:44,8.78
10.12.2020 19:46:45,8.78
10.12.2020 19:46:46,8.78
10.12.2020 19:46:47,8.78
10.12.2020 19:46:48,8.78
10.12.2020 19:46:49,8.78
10.12.2020 19:46:50,8.78
10.12.2020 19:46:51,8.78
10.12.2020 19:46:52,8.78
10.12.2020 19:46:53,8.78
10.12.2020 19:46:54,8.78
10.12.2020 19:46:55,8.78
10.12.2020 19:46:56,8.78
10.12.2020 19:46:57,8.78
10.12.2020 19:46:58,8.78
10.12.2020 19:46:59,8.78
10.12.2020 19:47:00,8.78
10.12.2020 19:47:01,8.78
10.12.2020 19:47:02,8.78
10.12.2020 19:47:03,8.78
10.12.2020 19:47:04,8.78
10.12.2020 19:47:05,8.78
10.12.2020 19:47:06,8.78
10.12.2020 19:47:07,8.78
10.12.2020 19:47:08,8.78
10.12.2020 19:47:09,8.78
10.12.2020 19:47:10,8.78
10.12.2020 19:47:11,8.78
10.12.2020 19:47:12,8.78
10.12.2020 19:47:13,8.78
10.12.2020 19:47:14,8.78
10.12.2020 19:47:15,8.78
10.12.2020 19:47:16,8.78
10.12.2020 19:47:17,8.78
10.12.2020 19:47:18,8.78
10.12.2020 19:47:19,8.78
10.12.2020 19:47:20,8.78
10.12.2020 19:47:21,8.78
10.12.2020 19:47:22,8.78
10.12.2020 19:47:23,8.78
10.12.2020 19:47:24,8.78
10.12.2020 19:47:25,8.78
10.12.2020 19:47:26,8.78
10.12.2020 19:47:27,8.78
10.12.2020 19:47:28,8.78
10.12.2020 19:47:29,8.78
10.12.2020 19:47:30,8.78
10.12.2020 19:47:31,8.78
10.12.2020 19:47:32,8.78
10.12.2020 19:47:33,8.78
10.12.2020 19:47:34,8.78
10.12.2020 19:47:35,8.78
10.12.2020 19:47:36,8.78
10.12.2020 19:47:37,8.78
10.12.2020 19:47:38,8.78
10.12.2020 19:47:39,8.78
10.12.2020 19:47:40,8.78
10.12.2020 19:47:41,8.78
10.12.2020 19:47:42,8.78
10.12.2020 19:47:43,8.78
10.12.2020 19:47:44,8.78
10.12.2020 19:47:45,8.78
10.12.2020 19:47:46,8.78
10.12.2020 19:47:47,8.78
10.12.2020 19:47:48,8.78
10.12.2020 19:47:49,8.78
10.12.2020 19:47:50,8.78
10.12.2020 19:47:51,8.78
10.12.2020 19:47:52,8.78
10.12.2020 19:47:53,8.78
10.12.2020 19:47:54,8.78
10.12.2020 19:47:55,8.78
10.12.2020 19:47:56,8.78
10.12.2020 19:47:57,8.78
10.12.2020 19:47:58,8.78
10.12.2020 19:47:59,8.78
10.12.2020 19:48:00,8.78
10.12.2020 19:48:01,8.78
10.12.2020 19:48:02,8.78
10.12.2020 19:48:03,8.78
10.12.2020 19:48:04,8.78
10.12.2020 19:48:05,8.78
10.12.2020 19:48:06,8.78
10.12.2020 19:48:07,8.78
10.12.2020 19:48:08,8.78
10.12.2020 19:48:09,8.78
10.12.2020 19:48:10,8.78
10.12.2020 19:48:11,8.78
10.12.2020 19:48:12,8.78
10.12.2020 19:48:13,8.78
10.12.2020 19:48:14,8.78
10.12.2020 19:48:15,8.78
10.12.2020 19:48:16,8.78
10.12.2020 19:48:17,8.78
10.12.2020 19:48:18,8.78
10.12.2020 19:48:19,8.78
10.12.2020 19:48:20,8.78
10.12.2020 19:48:21,8.78
10.12.2020 19:48:22,8.78
10.12.2020 19:48:23,8.78
10.12.2020 19:48:24,8.78
10.12.2020 19:48:25,8.78
10.12.2020 19:48:26,8.78
10.12.2020 19:48:27,8.78
10.12.2020 19:48:28,8.78
10.12.2020 19:48:29,8.78
10.12.2020 19:48:30,8.78
10.12.2020 19:48:31,8.78
10.12.2020 19:48:32,8.78
10.12.2020 19:48:33,8.78
10.12.2020 19:48:34,8.78
10.12.2020 19:48:35,8.78
10.12.2020 19:48:36,8.78
10.12.2020 19:48:37,8.78
10.12.2020 19:48:38,8.78
10.12.2020 19:48:39,8.78
10.12.2020 19:48:40,8.78
10.12.2020 19:48:41,8.78
10.12.2020 19:48:42,8.78
10.12.2020 19:48:43,8.78
10.12.2020 19:48:44,8.78
10.12.2020 19:48:45,8.78
10.12.2020 19:48:46,8.78
10.12.2020 19:48:47,8.78
10.12.2020 19:48:48,8.78
10.12.2020 19:48:49,8.78
10.12.2020 19:48:50,8.78
10.12.2020 19:48:51,8.78
10.12.2020 19:48:52,8.78
10.12.2020 19:48:53,8.78
10.12.2020 19:48:54,8.78
10.12.2020 19:48:55,8.78
10.12.2020 19:48:56,8.78
10.12.2020 19:48:57,8.78
10.12.2020 19:48:58,8.78
10.12.2020 19:48:59,8.78
10.12.2020 19:49:00,8.78
10.12.2020 19:49:01,8.78
10.12.2020 19:49:02,8.78
10.12.2020 19:49:03,8.78
10.12.2020 19:49:04,8.78
10.12.2020 19:49:05,8.78
10.12.2020 19:49:06,8.78
10.12.2020 19:49:07,8.78
10.12.2020 19:49:08,8.78
10.12.2020 19:49:09,8.78
10.12.2020 19:49:10,8.78
10.12.2020 19:49:11,8.78
10.12.2020 19:49:12,8.78
10.12.2020 19:49:13,8.78
10.12.2020 19:49:14,8.78
10.12.2020 19:49:15,8.78
10.12.2020 19:49:16,8.78
10.12.2020 19:49:17,8.78
10.12.2020 19:49:18,8.78
10.12.2020 19:49:19,8.78
10.12.2020 19:49:20,8.78
10.12.2020 19:49:21,8.78
10.12.2020 19:49:22,8.78
10.12.2020 19:49:23,8.78
10.12.2020 19:49:24,8.78
10.12.2020 19:49:25,8.78
10.12.2020 19:49:26,8.78
10.12.2020 19:49:27,8.78
10.12.2020 19:49:28,8.78
10.12.2020 19:49:29,8.78
10.12.2020 19:49:30,8.78
10.12.2020 19:49:31,8.78
10.12.2020 19:49:32,8.78
10.12.2020 19:49:33,8.78
10.12.2020 19:49:34,8.78
10.12.2020 19:49:35,8.78
10.12.2020 19:49:36,8.78
10.12.2020 19:49:37,8.78
10.12.2020 19:49:38,8.78
10.12.2020 19:49:39,8.78
10.12.2020 19:49:40,8.78
10.12.2020 19:49:41,8.78
10.12.2020 19:49:42,8.78
10.12.2020 19:49:43,8.78
10.12.2020 19:49:44,8.78
10.12.2020 19:49:45,8.78
10.12.2020 19:49:46,8.78
10.12.2020 19:49:47,8.78
10.12.2020 19:49:48,8.78
10.12.2020 19:49:49,8.78
10.12.2020 19:49:50,8.78
10.12.2020 19:49:51,8.78
10.12.2020 19:49:52,8.78
10.12.2020 19:49:53,8.78
10.12.2020 19:49:54,8.78
10.12.2020 19:49:55,8.78
10.12.2020 19:49:56,8.78
10.12.2020 19:49:57,8.78
10.12.2020 19:49:58,8.78
10.12.2020 19:49:59,8.78
10.12.2020 19:50:00,8.78
10.12.2020 19:50:01,8.78
10.12.2020 19:50:02,8.78
10.12.2020 19:50:03,8.78
10.12.2020 19:50:04,8.78
10.12.2020 19:50:05,8.78
10.12.2020 19:50:06,8.78
10.12.2020 19:50:07,8.78
10.12.2020 19:50:08,8.78
10.12.2020 19:50:09,8.78
10.12.2020 19:50:10,8.78
10.12.2020 19:50:11,8.78
10.12.2020 19:50:12,8.78
10.12.2020 19:50:13,8.78
10.12.2020 19:50:14,8.78
10.12.2020 19:50:15,8.78
10.12.2020 19:50:16,8.78
10.12.2020 19:50:17,8.78
10.12.2020 19:50:18,8.78
10.12.2020 19:50:19,8.78
10.12.2020 19:50:20,8.78
10.12.2020 19:50:21,8.78
10.12.2020 19:50:22,8.78
10.12.2020 19:50:23,8.78
10.12.2020 19:50:24,8.78
10.12.2020 19:50:25,8.78
10.12.2020 19:50:26,8.78
10.12.2020 19:50:27,8.78
10.12.2020 19:50:28,8.78
10.12.2020 19:50:29,8.78
10.12.2020 19:50:30,8.78
10.12.2020 19:50:31,8.78
10.12.2020 19:50:32,8.78
10.12.2020 19:50:33,8.78
10.12.2020 19:50:34,8.78
10.12.2020 19:50:35,8.78
10.12.2020 19:50:36,8.78
10.12.2020 19:50:37,8.78
10.12.2020 19:50:38,8.78
10.12.2020 19:50:39,8.78
10.12.2020 19:50:40,8.78
10.12.2020 19:50:41,8.78
10.12.2020 19:50:42,8.78
10.12.2020 19:50:43,8.78
10.12.2020 19:50:44,8.78
10.12.2020 19:50:45,8.78
10.12.2020 19:50:46,8.78
10.12.2020 19:50:47,8.78
10.12.2020 19:50:48,8.78
10.12.2020 19:50:49,8.78
10.12.2020 19:50:50,8.78
10.12.2020 19:50:51,8.78
10.12.2020 19:50:52,8.78
10.12.2020 19:50:53,8.78
10.12.2020 19:50:54,8.78
10.12.2020 19:50:55,8.78
10.12.2020 19:50:56,8.78
10.12.2020 19:50:57,8.78
10.12.2020 19:50:58,8.78
10.12.2020 19:50:59,8.78
10.12.2020 19:51:00,8.78
10.12.2020 19:51:01,8.78
10.12.2020 19:51:02,8.78
10.12.2020 19:51:03,8.78
10.12.2020 19:51:04,8.78
10.12.2020 19:51:05,8.78
10.12.2020 19:51:06,8.78
10.12.2020 19:51:07,8.78
10.12.2020 19:51:08,8.78
10.12.2020 19:51:09,8.78
10.12.2020 19:51:10,8.78
10.12.2020 19:51:11,8.78
10.12.2020 19:51:12,8.78
10.12.2020 19:51:13,8.78
10.12.2020 19:51:14,8.78
10.12.2020 19:51:15,8.78
10.12.2020 19:51:16,8.78
10.12.2020 19:51:17,8.78
10.12.2020 19:51:18,8.78
10.12.2020 19:51:19,8.78
10.12.2020 19:51:20,8.78
10.12.2020 19:51:21,8.78
10.12.2020 19:51:22,8.78
10.12.2020 19:51:23,8.78
10.12.2020 19:51:24,8.78
10.12.2020 19:51:25,8.78
10.12.2020 19:51:26,8.78
10.12.2020 19:51:27,8.78
10.12.2020 19:51:28,8.78
10.12.2020 19:51:29,8.78
10.12.2020 19:51:30,8.78
10.12.2020 19:51:31,8.78
10.12.2020 19:51:32,8.78
10.12.2020 19:51:33,8.78
10.12.2020 19:51:34,8.78
10.12.2020 19:51:35,8.78
10.12.2020 19:51:36,8.78
10.12.2020 19:51:37,8.78
10.12.2020 19:51:38,8.78
10.12.2020 19:51:39,8.78
10.12.2020 19:51:40,8.78
10.12.2020 19:51:41,8.78
10.12.2020 19:51:42,8.78
10.12.2020 19:51:43,8.78
10.12.2020 19:51:44,8.78
10.12.2020 19:51:45,8.78
10.12.2020 19:51:46,8.78
10.12.2020 19:51:47,8.78
10.12.2020 19:51:48,8.78
10.12.2020 19:51:49,8.78
10.12.2020 19:51:50,8.78
10.12.2020 19:51:51,8.78
10.12.2020 19:51:52,8.78
10.12.2020 19:51:53,8.78
10.12.2020 19:51:54,8.78
10.12.2020 19:51:55,8.78
10.12.2020 19:51:56,8.78
10.12.2020 19:51:57,8.78
10.12.2020 19:51:58,8.78
10.12.2020 19:51:59,8.78
10.12.2020 19:52:00,8.78
10.12.2020 19:52:01,8.78
10.12.2020 19:52:02,8.78
10.12.2020 19:52:03,8.78
10.12.2020 19:52:04,8.78
10.12.2020 19:52:05,8.78
10.12.2020 19:52:06,8.78
10.12.2020 19:52:07,8.78
10.12.2020 19:52:08,8.78
10.12.2020 19:52:09,8.78
10.12.2020 19:52:10,8.78
10.12.2020 19:52:11,8.78
10.12.2020 19:52:12,8.78
10.12.2020 19:52:13,8.78
10.12.2020 19:52:14,8.78
10.12.2020 19:52:15,8.78
10.12.2020 19:52:16,8.78
10.12.2020 19:52:17,8.78
10.12.2020 19:52:18,8.78
10.12.2020 19:52:19,8.78
10.12.2020 19:52:20,8.78
10.12.2020 19:52:21,8.78
10.12.2020 19:52:22,8.78
10.12.2020 19:52:23,8.78
10.12.2020 19:52:24,8.78
10.12.2020 19:52:25,8.78
10.12.2020 19:52:26,8.78
10.12.2020 19:52:27,8.78
10.12.2020 19:52:28,8.78
10.12.2020 19:52:29,8.78
10.12.2020 19:52:30,8.78
10.12.2020 19:52:31,8.78
10.12.2020 19:52:32,8.78
10.12.2020 19:52:33,8.78
10.12.2020 19:52:34,8.78
10.12.2020 19:52:35,8.78
10.12.2020 19:52:36,8.78
10.12.2020 19:52:37,8.78
10.12.2020 19:52:38,8.78
10.12.2020 19:52:39,8.78
10.12.2020 19:52:40,8.78
10.12.2020 19:52:41,8.78
10.12.2020 19:52:42,8.78
10.12.2020 19:52:43,8.78
10.12.2020 19:52:44,8.78
10.12.2020 19:52:45,8.78
10.12.2020 19:52:46,8.78
10.12.2020 19:52:47,8.78
10.12.2020 19:52:48,8.78
10.12.2020 19:52:49,8.78
10.12.2020 19:52:50,8.78
10.12.2020 19:52:51,8.78
10.12.2020 19:52:52,8.78
10.12.2020 19:52:53,8.78
10.12.2020 19:52:54,8.78
10.12.2020 19:52:55,8.78
10.12.2020 19:52:56,8.78
10.12.2020 19:52:57,8.78
10.12.2020 19:52:58,8.78
10.12.2020 19:52:59,8.78
10.12.2020 19:53:00,8.78
10.12.2020 19:53:01,8.78
10.12.2020 19:53:02,8.78
10.12.2020 19:53:03,8.78
10.12.2020 19:53:04,8.78
10.12.2020 19:53:05,8.78
10.12.2020 19:53:06,8.78
10.12.2020 19:53:07,8.78
10.12.2020 19:53:08,8.78
10.12.2020 19:53:09,8.78
10.12.2020 19:53:10,8.78
10.12.2020 19:53:11,8.78
10.12.2020 19:53:12,8.78
10.12.2020 19:53:13,8.78
10.12.2020 19:53:14,8.78
10.12.2020 19:53:15,8.78
10.12.2020 19:53:16,8.78
10.12.2020 19:53:17,8.78
10.12.2020 19:53:18,8.78
10.12.2020 19:53:19,8.78
10.12.2020 19:53:20,8.78
10.12.2020 19:53:21,8.78
10.12.2020 19:53:22,8.78
10.12.2020 19:53:23,8.78
10.12.2020 19:53:24,8.78
10.12.2020 19:53:25,8.78
10.12.2020 19:53:26,8.78
10.12.2020 19:53:27,8.78
10.12.2020 19:53:28,8.78
10.12.2020 19:53:29,8.78
10.12.2020 19:53:30,8.78
10.12.2020 19:53:31,8.78
10.12.2020 19:53:32,8.78
10.12.2020 19:53:33,8.78
10.12.2020 19:53:34,8.78
10.12.2020 19:53:35,8.78
10.12.2020 19:53:36,8.78
10.12.2020 19:53:37,8.78
10.12.2020 19:53:38,8.78
10.12.2020 19:53:39,8.78
10.12.2020 19:53:40,8.78
10.12.2020 19:53:41,8.78
10.12.2020 19:53:42,8.78
10.12.2020 19:53:43,8.78
10.12.2020 19:53:44,8.78
10.12.2020 19:53:45,8.78
10.12.2020 19:53:46,8.78
10.12.2020 19:53:47,8.78
10.12.2020 19:53:48,8.78
10.12.2020 19:53:49,8.78
10.12.2020 19:53:50,8.78
10.12.2020 19:53:51,8.78
10.12.2020 19:53:52,8.78
10.12.2020 19:53:53,8.78
10.12.2020 19:53:54,8.78
10.12.2020 19:53:55,8.78
10.12.2020 19:53:56,8.78
10.12.2020 19:53:57,8.78
10.12.2020 19:53:58,8.6
10.12.2020 19:53:59,8.6
10.12.2020 19:54:00,8.6
10.12.2020 19:54:01,8.6
10.12.2020 19:54:02,8.6
10.12.2020 19:54:03,8.6
10.12.2020 19:54:04,8.6
10.12.2020 19:54:05,8.6
10.12.2020 19:54:06,8.6
10.12.2020 19:54:07,8.6
10.12.2020 19:54:08,8.6
10.12.2020 19:54:09,8.6
10.12.2020 19:54:10,8.6
10.12.2020 19:54:11,8.6
10.12.2020 19:54:12,8.6
10.12.2020 19:54:13,8.6
10.12.2020 19:54:14,8.6
10.12.2020 19:54:15,8.6
10.12.2020 19:54:16,8.6
10.12.2020 19:54:17,8.6
10.12.2020 19:54:18,8.6
10.12.2020 19:54:19,8.6
10.12.2020 19:54:20,8.6
10.12.2020 19:54:21,8.6
10.12.2020 19:54:22,8.6
10.12.2020 19:54:23,8.6
10.12.2020 19:54:24,8.6
10.12.2020 19:54:25,8.6
10.12.2020 19:54:26,8.6
10.12.2020 19:54:27,8.6
10.12.2020 19:54:28,8.6
10.12.2020 19:54:29,8.6
10.12.2020 19:54:30,8.6
10.12.2020 19:54:31,8.6
10.12.2020 19:54:32,8.6
10.12.2020 19:54:33,8.6
10.12.2020 19:54:34,8.6
10.12.2020 19:54:35,8.6
10.12.2020 19:54:36,8.6
10.12.2020 19:54:37,8.6
10.12.2020 19:54:38,8.6
10.12.2020 19:54:39,8.6
10.12.2020 19:54:40,8.6
10.12.2020 19:54:41,8.6
10.12.2020 19:54:42,8.6
10.12.2020 19:54:43,8.6
10.12.2020 19:54:44,8.6
10.12.2020 19:54:45,8.6
10.12.2020 19:54:46,8.6
10.12.2020 19:54:47,8.6
10.12.2020 19:54:48,8.6
10.12.2020 19:54:49,8.6
10.12.2020 19:54:50,8.6
10.12.2020 19:54:51,8.6
10.12.2020 19:54:52,8.6
10.12.2020 19:54:53,8.6
10.12.2020 19:54:54,8.6
10.12.2020 19:54:55,8.6
10.12.2020 19:54:56,8.6
10.12.2020 19:54:57,8.6
10.12.2020 19:54:58,8.6
10.12.2020 19:54:59,8.6
10.12.2020 19:55:00,8.6
10.12.2020 19:55:01,8.6
10.12.2020 19:55:02,8.6
10.12.2020 19:55:03,8.6
10.12.2020 19:55:04,8.6
10.12.2020 19:55:05,8.6
10.12.2020 19:55:06,8.6
10.12.2020 19:55:07,8.6
10.12.2020 19:55:08,8.6
10.12.2020 19:55:09,8.6
10.12.2020 19:55:10,8.6
10.12.2020 19:55:11,8.6
10.12.2020 19:55:12,8.6
10.12.2020 19:55:13,8.6
10.12.2020 19:55:14,8.6
10.12.2020 19:55:15,8.6
10.12.2020 19:55:16,8.6
10.12.2020 19:55:17,8.6
10.12.2020 19:55:18,8.6
10.12.2020 19:55:19,8.6
10.12.2020 19:55:20,8.6
10.12.2020 19:55:21,8.6
10.12.2020 19:55:22,8.6
10.12.2020 19:55:23,8.6
10.12.2020 19:55:24,8.6
10.12.2020 19:55:25,8.6
10.12.2020 19:55:26,8.6
10.12.2020 19:55:27,8.6
10.12.2020 19:55:28,8.6
10.12.2020 19:55:29,8.6
10.12.2020 19:55:30,8.6
10.12.2020 19:55:31,8.6
10.12.2020 19:55:32,8.6
10.12.2020 19:55:33,8.6
10.12.2020 19:55:34,8.6
10.12.2020 19:55:35,8.6
10.12.2020 19:55:36,8.6
10.12.2020 19:55:37,8.6
10.12.2020 19:55:38,8.6
10.12.2020 19:55:39,8.6
10.12.2020 19:55:40,8.6
10.12.2020 19:55:41,8.6
10.12.2020 19:55:42,8.6
10.12.2020 19:55:43,8.6
10.12.2020 19:55:44,8.6
10.12.2020 19:55:45,8.6
10.12.2020 19:55:46,8.6
10.12.2020 19:55:47,8.6
10.12.2020 19:55:48,8.6
10.12.2020 19:55:49,8.6
10.12.2020 19:55:50,8.6
10.12.2020 19:55:51,8.6
10.12.2020 19:55:52,8.6
10.12.2020 19:55:53,8.6
10.12.2020 19:55:54,8.6
10.12.2020 19:55:55,8.6
10.12.2020 19:55:56,8.6
10.12.2020 19:55:57,8.6
10.12.2020 19:55:58,8.6
10.12.2020 19:55:59,8.6
10.12.2020 19:56:00,8.6
10.12.2020 19:56:01,8.6
10.12.2020 19:56:02,8.6
10.12.2020 19:56:03,8.6
10.12.2020 19:56:04,8.6
10.12.2020 19:56:05,8.6
10.12.2020 19:56:06,8.6
10.12.2020 19:56:07,8.6
10.12.2020 19:56:08,8.6
10.12.2020 19:56:09,8.6
10.12.2020 19:56:10,8.6
10.12.2020 19:56:11,8.6
10.12.2020 19:56:12,8.6
10.12.2020 19:56:13,8.6
10.12.2020 19:56:14,8.6
10.12.2020 19:56:15,8.6
10.12.2020 19:56:16,8.6
10.12.2020 19:56:17,8.6
10.12.2020 19:56:18,8.6
10.12.2020 19:56:19,8.6
10.12.2020 19:56:20,8.6
10.12.2020 19:56:21,8.6
10.12.2020 19:56:22,8.6
10.12.2020 19:56:23,8.6
10.12.2020 19:56:24,8.6
10.12.2020 19:56:25,8.6
10.12.2020 19:56:26,8.6
10.12.2020 19:56:27,8.6
10.12.2020 19:56:28,8.6
10.12.2020 19:56:29,8.6
10.12.2020 19:56:30,8.6
10.12.2020 19:56:31,8.6
10.12.2020 19:56:32,8.6
10.12.2020 19:56:33,8.6
10.12.2020 19:56:34,8.6
10.12.2020 19:56:35,8.6
10.12.2020 19:56:36,8.6
10.12.2020 19:56:37,8.6
10.12.2020 19:56:38,8.6
10.12.2020 19:56:39,8.6
10.12.2020 19:56:40,8.6
10.12.2020 19:56:41,8.6
10.12.2020 19:56:42,8.6
10.12.2020 19:56:43,8.6
10.12.2020 19:56:44,8.6
10.12.2020 19:56:45,8.6
10.12.2020 19:56:46,8.6
10.12.2020 19:56:47,8.6
10.12.2020 19:56:48,8.6
10.12.2020 19:56:49,8.6
10.12.2020 19:56:50,8.6
10.12.2020 19:56:51,8.6
10.12.2020 19:56:52,8.6
10.12.2020 19:56:53,8.6
10.12.2020 19:56:54,8.6
10.12.2020 19:56:55,8.6
10.12.2020 19:56:56,8.6
10.12.2020 19:56:57,8.6
10.12.2020 19:56:58,8.6
10.12.2020 19:56:59,8.6
10.12.2020 19:57:00,8.6
10.12.2020 19:57:01,8.6
10.12.2020 19:57:02,8.6
10.12.2020 19:57:03,8.6
10.12.2020 19:57:04,8.6
10.12.2020 19:57:05,8.6
10.12.2020 19:57:06,8.6
10.12.2020 19:57:07,8.6
10.12.2020 19:57:08,8.6
10.12.2020 19:57:09,8.6
10.12.2020 19:57:10,8.6
10.12.2020 19:57:11,8.6
10.12.2020 19:57:12,8.6
10.12.2020 19:57:13,8.6
10.12.2020 19:57:14,8.6
10.12.2020 19:57:15,8.6
10.12.2020 19:57:16,8.6
10.12.2020 19:57:17,8.6
10.12.2020 19:57:18,8.6
10.12.2020 19:57:19,8.6
10.12.2020 19:57:20,8.6
10.12.2020 19:57:21,8.6
10.12.2020 19:57:22,8.6
10.12.2020 19:57:23,8.6
10.12.2020 19:57:24,8.6
10.12.2020 19:57:25,8.6
10.12.2020 19:57:26,8.6
10.12.2020 19:57:27,8.6
10.12.2020 19:57:28,8.6
10.12.2020 19:57:29,8.6
10.12.2020 19:57:30,8.6
10.12.2020 19:57:31,8.6
10.12.2020 19:57:32,8.6
10.12.2020 19:57:33,8.6
10.12.2020 19:57:34,8.6
10.12.2020 19:57:35,8.6
10.12.2020 19:57:36,8.6
10.12.2020 19:57:37,8.6
10.12.2020 19:57:38,8.6
10.12.2020 19:57:39,8.6
10.12.2020 19:57:40,8.6
10.12.2020 19:57:41,8.6
10.12.2020 19:57:42,8.6
10.12.2020 19:57:43,8.6
10.12.2020 19:57:44,8.6
10.12.2020 19:57:45,8.6
10.12.2020 19:57:46,8.6
10.12.2020 19:57:47,8.6
10.12.2020 19:57:48,8.6
10.12.2020 19:57:49,8.6
10.12.2020 19:57:50,8.6
10.12.2020 19:57:51,8.6
10.12.2020 19:57:52,8.6
10.12.2020 19:57:53,8.6
10.12.2020 19:57:54,8.6
10.12.2020 19:57:55,8.6
10.12.2020 19:57:56,8.6
10.12.2020 19:57:57,8.6
10.12.2020 19:57:58,8.6
10.12.2020 19:57:59,8.6
10.12.2020 19:58:00,8.6
10.12.2020 19:58:01,8.6
10.12.2020 19:58:02,8.6
10.12.2020 19:58:03,8.6
10.12.2020 19:58:04,8.6
10.12.2020 19:58:05,8.6
10.12.2020 19:58:06,8.6
10.12.2020 19:58:07,8.6
10.12.2020 19:58:08,8.6
10.12.2020 19:58:09,8.6
10.12.2020 19:58:10,8.6
10.12.2020 19:58:11,8.6
10.12.2020 19:58:12,8.6
10.12.2020 19:58:13,8.6
10.12.2020 19:58:14,8.6
10.12.2020 19:58:15,8.6
10.12.2020 19:58:16,8.6
10.12.2020 19:58:17,8.6
10.12.2020 19:58:18,8.6
10.12.2020 19:58:19,8.6
10.12.2020 19:58:20,8.6
10.12.2020 19:58:21,8.6
10.12.2020 19:58:22,8.6
10.12.2020 19:58:23,8.6
10.12.2020 19:58:24,8.6
10.12.2020 19:58:25,8.6
10.12.2020 19:58:26,8.6
10.12.2020 19:58:27,8.6
10.12.2020 19:58:28,8.6
10.12.2020 19:58:29,8.6
10.12.2020 19:58:30,8.6
10.12.2020 19:58:31,8.6
10.12.2020 19:58:32,8.6
10.12.2020 19:58:33,8.6
10.12.2020 19:58:34,8.6
10.12.2020 19:58:35,8.6
10.12.2020 19:58:36,8.6
10.12.2020 19:58:37,8.6
10.12.2020 19:58:38,8.6
10.12.2020 19:58:39,8.6
10.12.2020 19:58:40,8.6
10.12.2020 19:58:41,8.6
10.12.2020 19:58:42,8.6
10.12.2020 19:58:43,8.6
10.12.2020 19:58:44,8.6
10.12.2020 19:58:45,8.6
10.12.2020 19:58:46,8.6
10.12.2020 19:58:47,8.6
10.12.2020 19:58:48,8.6
10.12.2020 19:58:49,8.6
10.12.2020 19:58:50,8.6
10.12.2020 19:58:51,8.6
10.12.2020 19:58:52,8.6
10.12.2020 19:58:53,8.6
10.12.2020 19:58:54,8.6
10.12.2020 19:58:55,8.6
10.12.2020 19:58:56,8.6
10.12.2020 19:58:57,8.6
10.12.2020 19:58:58,8.6
10.12.2020 19:58:59,8.6
10.12.2020 19:59:00,8.6
10.12.2020 19:59:01,8.6
10.12.2020 19:59:02,8.6
10.12.2020 19:59:03,8.6
10.12.2020 19:59:04,8.6
10.12.2020 19:59:05,8.6
10.12.2020 19:59:06,8.6
10.12.2020 19:59:07,8.6
10.12.2020 19:59:08,8.6
10.12.2020 19:59:09,8.6
10.12.2020 19:59:10,8.6
10.12.2020 19:59:11,8.6
10.12.2020 19:59:12,8.6
10.12.2020 19:59:13,8.6
10.12.2020 19:59:14,8.6
10.12.2020 19:59:15,8.6
10.12.2020 19:59:16,8.6
10.12.2020 19:59:17,8.6
10.12.2020 19:59:18,8.6
10.12.2020 19:59:19,8.6
10.12.2020 19:59:20,8.6
10.12.2020 19:59:21,8.6
10.12.2020 19:59:22,8.6
10.12.2020 19:59:23,8.6
10.12.2020 19:59:24,8.6
10.12.2020 19:59:25,8.6
10.12.2020 19:59:26,8.6
10.12.2020 19:59:27,8.6
10.12.2020 19:59:28,8.6
10.12.2020 19:59:29,8.6
10.12.2020 19:59:30,8.6
10.12.2020 19:59:31,8.6
10.12.2020 19:59:32,8.6
10.12.2020 19:59:33,8.6
10.12.2020 19:59:34,8.6
10.12.2020 19:59:35,8.6
10.12.2020 19:59:36,8.6
10.12.2020 19:59:37,8.6
10.12.2020 19:59:38,8.6
10.12.2020 19:59:39,8.6
10.12.2020 19:59:40,8.6
10.12.2020 19:59:41,8.6
10.12.2020 19:59:42,8.6
10.12.2020 19:59:43,8.6
10.12.2020 19:59:44,8.6
10.12.2020 19:59:45,8.6
10.12.2020 19:59:46,8.6
10.12.2020 19:59:47,8.6
10.12.2020 19:59:48,8.6
10.12.2020 19:59:49,8.6
10.12.2020 19:59:50,8.6
10.12.2020 19:59:51,8.6
10.12.2020 19:59:52,8.6
10.12.2020 19:59:53,8.6
10.12.2020 19:59:54,8.6
10.12.2020 19:59:55,8.6
10.12.2020 19:59:56,8.6
10.12.2020 19:59:57,8.6
10.12.2020 19:59:58,8.6
10.12.2020 19:59:59,8.6
10.12.2020 20:00:00,8.6
10.12.2020 20:00:01,8.6
10.12.2020 20:00:02,8.6
10.12.2020 20:00:03,8.6
10.12.2020 20:00:04,8.6
10.12.2020 20:00:05,8.6
10.12.2020 20:00:06,8.6
10.12.2020 20:00:07,8.6
10.12.2020 20:00:08,8.6
10.12.2020 20:00:09,8.6
10.12.2020 20:00:10,8.6
10.12.2020 20:00:11,8.6
10.12.2020 20:00:12,8.6
10.12.2020 20:00:13,8.6
10.12.2020 20:00:14,8.6
10.12.2020 20:00:15,8.6
10.12.2020 20:00:16,8.6
10.12.2020 20:00:17,8.6
10.12.2020 20:00:18,8.6
10.12.2020 20:00:19,8.6
10.12.2020 20:00:20,8.6
10.12.2020 20:00:21,8.6
10.12.2020 20:00:22,8.6
10.12.2020 20:00:23,8.6
10.12.2020 20:00:24,8.6
10.12.2020 20:00:25,8.6
10.12.2020 20:00:26,8.6
10.12.2020 20:00:27,8.6
10.12.2020 20:00:28,8.6
10.12.2020 20:00:29,8.6
10.12.2020 20:00:30,8.6
10.12.2020 20:00:31,8.6
10.12.2020 20:00:32,8.6
10.12.2020 20:00:33,8.6
10.12.2020 20:00:34,8.6
10.12.2020 20:00:35,8.6
10.12.2020 20:00:36,8.6
10.12.2020 20:00:37,8.6
10.12.2020 20:00:38,8.6
10.12.2020 20:00:39,8.6
10.12.2020 20:00:40,8.6
10.12.2020 20:00:41,8.6
10.12.2020 20:00:42,8.6
10.12.2020 20:00:43,8.6
10.12.2020 20:00:44,8.6
10.12.2020 20:00:45,8.6
10.12.2020 20:00:46,8.6
10.12.2020 20:00:47,8.6
10.12.2020 20:00:48,8.6
10.12.2020 20:00:49,8.6
10.12.2020 20:00:50,8.6
10.12.2020 20:00:51,8.6
10.12.2020 20:00:52,8.6
10.12.2020 20:00:53,8.6
10.12.2020 20:00:54,8.6
10.12.2020 20:00:55,8.6
10.12.2020 20:00:56,8.6
10.12.2020 20:00:57,8.6
10.12.2020 20:00:58,8.6
10.12.2020 20:00:59,8.6
10.12.2020 20:01:00,8.6
10.12.2020 20:01:01,8.6
10.12.2020 20:01:02,8.6
10.12.2020 20:01:03,8.6
10.12.2020 20:01:04,8.6
10.12.2020 20:01:05,8.6
10.12.2020 20:01:06,8.6
10.12.2020 20:01:07,8.6
10.12.2020 20:01:08,8.6
10.12.2020 20:01:09,8.6
10.12.2020 20:01:10,8.6
10.12.2020 20:01:11,8.6
10.12.2020 20:01:12,8.6
10.12.2020 20:01:13,8.6
10.12.2020 20:01:14,8.6
10.12.2020 20:01:15,8.6
10.12.2020 20:01:16,8.6
10.12.2020 20:01:17,8.6
10.12.2020 20:01:18,8.6
10.12.2020 20:01:19,8.6
10.12.2020 20:01:20,8.6
10.12.2020 20:01:21,8.6
10.12.2020 20:01:22,8.6
10.12.2020 20:01:23,8.6
10.12.2020 20:01:24,8.6
10.12.2020 20:01:25,8.6
10.12.2020 20:01:26,8.6
10.12.2020 20:01:27,8.6
10.12.2020 20:01:28,8.6
10.12.2020 20:01:29,8.6
10.12.2020 20:01:30,8.6
10.12.2020 20:01:31,8.6
10.12.2020 20:01:32,8.6
10.12.2020 20:01:33,8.6
10.12.2020 20:01:34,8.6
10.12.2020 20:01:35,8.6
10.12.2020 20:01:36,8.6
10.12.2020 20:01:37,8.6
10.12.2020 20:01:38,8.6
10.12.2020 20:01:39,8.6
10.12.2020 20:01:40,8.6
10.12.2020 20:01:41,8.6
10.12.2020 20:01:42,8.6
10.12.2020 20:01:43,8.6
10.12.2020 20:01:44,8.6
10.12.2020 20:01:45,8.6
10.12.2020 20:01:46,8.6
10.12.2020 20:01:47,8.6
10.12.2020 20:01:48,8.6
10.12.2020 20:01:49,8.6
10.12.2020 20:01:50,8.6
10.12.2020 20:01:51,8.6
10.12.2020 20:01:52,8.6
10.12.2020 20:01:53,8.6
10.12.2020 20:01:54,8.6
10.12.2020 20:01:55,8.6
10.12.2020 20:01:56,8.6
10.12.2020 20:01:57,8.6
10.12.2020 20:01:58,8.6
10.12.2020 20:01:59,8.6
10.12.2020 20:02:00,8.6
10.12.2020 20:02:01,8.6
10.12.2020 20:02:02,8.6
10.12.2020 20:02:03,8.6
10.12.2020 20:02:04,8.6
10.12.2020 20:02:05,8.6
10.12.2020 20:02:06,8.6
10.12.2020 20:02:07,8.6
10.12.2020 20:02:08,8.6
10.12.2020 20:02:09,8.6
10.12.2020 20:02:10,8.6
10.12.2020 20:02:11,8.6
10.12.2020 20:02:12,8.6
10.12.2020 20:02:13,8.6
10.12.2020 20:02:14,8.6
10.12.2020 20:02:15,8.6
10.12.2020 20:02:16,8.6
10.12.2020 20:02:17,8.6
10.12.2020 20:02:18,8.6
10.12.2020 20:02:19,8.6
10.12.2020 20:02:20,8.6
10.12.2020 20:02:21,8.6
10.12.2020 20:02:22,8.6
10.12.2020 20:02:23,8.6
10.12.2020 20:02:24,8.6
10.12.2020 20:02:25,8.6
10.12.2020 20:02:26,8.6
10.12.2020 20:02:27,8.6
10.12.2020 20:02:28,8.6
10.12.2020 20:02:29,8.6
10.12.2020 20:02:30,8.6
10.12.2020 20:02:31,8.6
10.12.2020 20:02:32,8.6
10.12.2020 20:02:33,8.6
10.12.2020 20:02:34,8.6
10.12.2020 20:02:35,8.6
10.12.2020 20:02:36,8.6
10.12.2020 20:02:37,8.6
10.12.2020 20:02:38,8.6
10.12.2020 20:02:39,8.6
10.12.2020 20:02:40,8.6
10.12.2020 20:02:41,8.6
10.12.2020 20:02:42,8.6
10.12.2020 20:02:43,8.6
10.12.2020 20:02:44,8.6
10.12.2020 20:02:45,8.6
10.12.2020 20:02:46,8.6
10.12.2020 20:02:47,8.6
10.12.2020 20:02:48,8.6
10.12.2020 20:02:49,8.6
10.12.2020 20:02:50,8.6
10.12.2020 20:02:51,8.6
10.12.2020 20:02:52,8.6
10.12.2020 20:02:53,8.6
10.12.2020 20:02:54,8.6
10.12.2020 20:02:55,8.6
10.12.2020 20:02:56,8.6
10.12.2020 20:02:57,8.6
10.12.2020 20:02:58,8.6
10.12.2020 20:02:59,8.6
10.12.2020 20:03:00,8.6
10.12.2020 20:03:01,8.6
10.12.2020 20:03:02,8.6
10.12.2020 20:03:03,8.6
10.12.2020 20:03:04,8.6
10.12.2020 20:03:05,8.6
10.12.2020 20:03:06,8.6
10.12.2020 20:03:07,8.6
10.12.2020 20:03:08,8.6
10.12.2020 20:03:09,8.6
10.12.2020 20:03:10,8.6
10.12.2020 20:03:11,8.6
10.12.2020 20:03:12,8.6
10.12.2020 20:03:13,8.6
10.12.2020 20:03:14,8.6
10.12.2020 20:03:15,8.6
10.12.2020 20:03:16,8.6
10.12.2020 20:03:17,8.6
10.12.2020 20:03:18,8.6
10.12.2020 20:03:19,8.6
10.12.2020 20:03:20,8.6
10.12.2020 20:03:21,8.6
10.12.2020 20:03:22,8.6
10.12.2020 20:03:23,8.6
10.12.2020 20:03:24,8.6
10.12.2020 20:03:25,8.6
10.12.2020 20:03:26,8.6
10.12.2020 20:03:27,8.6
10.12.2020 20:03:28,8.6
10.12.2020 20:03:29,8.6
10.12.2020 20:03:30,8.6
10.12.2020 20:03:31,8.6
10.12.2020 20:03:32,8.6
10.12.2020 20:03:33,8.6
10.12.2020 20:03:34,8.6
10.12.2020 20:03:35,8.6
10.12.2020 20:03:36,8.6
10.12.2020 20:03:37,8.6
10.12.2020 20:03:38,8.6
10.12.2020 20:03:39,8.6
10.12.2020 20:03:40,8.6
10.12.2020 20:03:41,8.6
10.12.2020 20:03:42,8.6
10.12.2020 20:03:43,8.6
10.12.2020 20:03:44,8.6
10.12.2020 20:03:45,8.6
10.12.2020 20:03:46,8.6
10.12.2020 20:03:47,8.6
10.12.2020 20:03:48,8.6
10.12.2020 20:03:49,8.6
10.12.2020 20:03:50,8.6
10.12.2020 20:03:51,8.6
10.12.2020 20:03:52,8.6
10.12.2020 20:03:53,8.6
10.12.2020 20:03:54,8.6
10.12.2020 20:03:55,8.6
10.12.2020 20:03:56,8.47
10.12.2020 20:03:57,8.47
10.12.2020 20:03:58,8.47
10.12.2020 20:03:59,8.47
10.12.2020 20:04:00,8.47
10.12.2020 20:04:01,8.47
10.12.2020 20:04:02,8.47
10.12.2020 20:04:03,8.47
10.12.2020 20:04:04,8.47
10.12.2020 20:04:05,8.47
10.12.2020 20:04:06,8.47
10.12.2020 20:04:07,8.47
10.12.2020 20:04:08,8.47
10.12.2020 20:04:09,8.47
10.12.2020 20:04:10,8.47
10.12.2020 20:04:11,8.47
10.12.2020 20:04:12,8.47
10.12.2020 20:04:13,8.47
10.12.2020 20:04:14,8.47
10.12.2020 20:04:15,8.47
10.12.2020 20:04:16,8.47
10.12.2020 20:04:17,8.47
10.12.2020 20:04:18,8.47
10.12.2020 20:04:19,8.47
10.12.2020 20:04:20,8.47
10.12.2020 20:04:21,8.47
10.12.2020 20:04:22,8.47
10.12.2020 20:04:23,8.47
10.12.2020 20:04:24,8.47
10.12.2020 20:04:25,8.47
10.12.2020 20:04:26,8.47
10.12.2020 20:04:27,8.47
10.12.2020 20:04:28,8.47
10.12.2020 20:04:29,8.47
10.12.2020 20:04:30,8.47
10.12.2020 20:04:31,8.47
10.12.2020 20:04:32,8.47
10.12.2020 20:04:33,8.47
10.12.2020 20:04:34,8.47
10.12.2020 20:04:35,8.47
10.12.2020 20:04:36,8.47
10.12.2020 20:04:37,8.47
10.12.2020 20:04:38,8.47
10.12.2020 20:04:39,8.47
10.12.2020 20:04:40,8.47
10.12.2020 20:04:41,8.47
10.12.2020 20:04:42,8.47
10.12.2020 20:04:43,8.47
10.12.2020 20:04:44,8.47
10.12.2020 20:04:45,8.47
10.12.2020 20:04:46,8.47
10.12.2020 20:04:47,8.47
10.12.2020 20:04:48,8.47
10.12.2020 20:04:49,8.47
10.12.2020 20:04:50,8.47
10.12.2020 20:04:51,8.47
10.12.2020 20:04:52,8.47
10.12.2020 20:04:53,8.47
10.12.2020 20:04:54,8.47
10.12.2020 20:04:55,8.47
10.12.2020 20:04:56,8.47
10.12.2020 20:04:57,8.47
10.12.2020 20:04:58,8.47
10.12.2020 20:04:59,8.47
10.12.2020 20:05:00,8.47
10.12.2020 20:05:01,8.47
10.12.2020 20:05:02,8.47
10.12.2020 20:05:03,8.47
10.12.2020 20:05:04,8.47
10.12.2020 20:05:05,8.47
10.12.2020 20:05:06,8.47
10.12.2020 20:05:07,8.47
10.12.2020 20:05:08,8.47
10.12.2020 20:05:09,8.47
10.12.2020 20:05:10,8.47
10.12.2020 20:05:11,8.47
10.12.2020 20:05:12,8.47
10.12.2020 20:05:13,8.47
10.12.2020 20:05:14,8.47
10.12.2020 20:05:15,8.47
10.12.2020 20:05:16,8.47
10.12.2020 20:05:17,8.47
10.12.2020 20:05:18,8.47
10.12.2020 20:05:19,8.47
10.12.2020 20:05:20,8.47
10.12.2020 20:05:21,8.47
10.12.2020 20:05:22,8.47
10.12.2020 20:05:23,8.47
10.12.2020 20:05:24,8.47
10.12.2020 20:05:25,8.47
10.12.2020 20:05:26,8.47
10.12.2020 20:05:27,8.47
10.12.2020 20:05:28,8.47
10.12.2020 20:05:29,8.47
10.12.2020 20:05:30,8.47
10.12.2020 20:05:31,8.47
10.12.2020 20:05:32,8.47
10.12.2020 20:05:33,8.47
10.12.2020 20:05:34,8.47
10.12.2020 20:05:35,8.47
10.12.2020 20:05:36,8.47
10.12.2020 20:05:37,8.47
10.12.2020 20:05:38,8.47
10.12.2020 20:05:39,8.47
10.12.2020 20:05:40,8.47
10.12.2020 20:05:41,8.47
10.12.2020 20:05:42,8.47
10.12.2020 20:05:43,8.47
10.12.2020 20:05:44,8.47
10.12.2020 20:05:45,8.47
10.12.2020 20:05:46,8.47
10.12.2020 20:05:47,8.47
10.12.2020 20:05:48,8.47
10.12.2020 20:05:49,8.47
10.12.2020 20:05:50,8.47
10.12.2020 20:05:51,8.47
10.12.2020 20:05:52,8.47
10.12.2020 20:05:53,8.47
10.12.2020 20:05:54,8.47
10.12.2020 20:05:55,8.47
10.12.2020 20:05:56,8.47
10.12.2020 20:05:57,8.47
10.12.2020 20:05:58,8.47
10.12.2020 20:05:59,8.47
10.12.2020 20:06:00,8.47
10.12.2020 20:06:01,8.47
10.12.2020 20:06:02,8.47
10.12.2020 20:06:03,8.47
10.12.2020 20:06:04,8.47
10.12.2020 20:06:05,8.47
10.12.2020 20:06:06,8.47
10.12.2020 20:06:07,8.47
10.12.2020 20:06:08,8.47
10.12.2020 20:06:09,8.47
10.12.2020 20:06:10,8.47
10.12.2020 20:06:11,8.47
10.12.2020 20:06:12,8.47
10.12.2020 20:06:13,8.47
10.12.2020 20:06:14,8.47
10.12.2020 20:06:15,8.47
10.12.2020 20:06:16,8.47
10.12.2020 20:06:17,8.47
10.12.2020 20:06:18,8.47
10.12.2020 20:06:19,8.47